articulo,stock,compras_recomendadas,demanda_mensual,index_riesgo,riesgo,LT_meses,mean_margen,ultima_fecha,monto_usd,ultima_compra
a-1880,661.0,887.6200077050245,147.9366679508374,4.46812821429549,Verde,6.0,1.2663746787829917,2024-09-30,1.75,31460.0
c-1823,2188.0,1132.394316261499,188.73238604358315,11.59313483958569,Verde,6.0,0.7773816315541553,2024-06-13,1.07,15250.0
54302-54y00,258.0,338.8466245204273,56.47443742007122,4.568438603131722,Verde,6.0,0.725909572370995,2024-09-19,9.9,5210.0
g20w50100,377.0,227.0826621312407,113.54133106562035,3.320376786688503,Verde,2.0,0.41348201770942206,2024-06-12,11.13,40179.0
hy036,134.0,149.0927047459323,24.84878412432205,5.392617977989533,Verde,6.0,1.0309185523176525,2024-01-22,10.5,1592.0
17635,24340.0,53974.12137643428,13493.53034410857,1.803827417976432,Verde,4.0,0.42154833415471354,2024-09-16,0.18240486449003218,2552860.0
c-1533,2953.0,2145.432341785222,357.5720569642037,8.25847529885598,Verde,6.0,0.673522246532692,2024-08-29,5.5,28974.0
a-5107-s,0.0,215.7457860159904,35.95763100266507,0.0,Rojo,6.0,1.162927394223631,2024-08-29,11.29,1188.0
884567,0.0,453.1503560650111,151.05011868833705,0.0,Rojo,3.0,0.39692438849124523,2024-05-04,23.176667000000002,1950.0
dt-123v,0.0,4049.712514050646,674.9520856751077,0.0,Rojo,6.0,0.3984732484077478,2024-05-20,13.73,36460.0
hy004,0.0,291.9849944977789,48.664165749629824,0.0,Rojo,6.0,0.9721811721735817,2024-01-22,4.94,5186.0
4853002700,0.0,401.1828727097244,66.8638121182874,0.0,Rojo,6.0,0.6683146758282035,2024-02-29,6.9,3250.0
k005,0.0,22.08713769302889,3.681189615504815,0.0,Rojo,6.0,0.7356728331842997,2024-01-22,6.3,1694.0
c-1809,1022.0,1926.403036014176,321.06717266902933,3.1831345182508715,Verde,6.0,0.9111257203593258,2024-09-17,1.07,34900.0
di1540ci025,194.0,38.57003754124391,19.285018770621956,10.059622046908869,Verde,2.0,0.662116557807328,2024-03-30,2.96,8760.0
t012,606.0,810.725963417932,135.12099390298866,4.484869319678652,Verde,6.0,0.9140193393811133,2024-09-20,3.65,13737.0
t003,500.0,891.8775670174433,148.64626116957388,3.3636903886173495,Verde,6.0,1.1539173974240564,2024-09-20,4.7,9441.0
dttmlt265/65r17,157.0,575.4083984203966,95.90139973673276,1.6370981073372683,Verde,6.0,0.4060350827891591,2024-10-04,74.5,3393.0
a-61440,1712.0,1010.444497591654,168.40741626527566,10.16582308526873,Verde,6.0,0.977851206148563,2024-06-13,1.24,23600.0
adex3h,62.0,21.53913436568963,21.53913436568963,2.878481509394443,Verde,1.0,0.40739061121908354,2024-09-18,36.63,8460.0
n016,248.0,428.5004731025422,71.41674551709036,3.4725749290921195,Verde,6.0,0.8835448611584419,2024-01-22,6.51,2600.0
ch001,0.0,439.1548261449444,73.1924710241574,0.0,Rojo,6.0,1.0713368710935212,2024-01-22,5.46,7735.0
t035,14.0,282.309444617631,47.0515741029385,0.29754583702919435,Rojo,6.0,1.18922354237396,2023-08-31,5.67,1076.0
mi002,0.0,156.6545247934354,26.109087465572568,0.0,Rojo,6.0,0.7492557512783259,2024-01-22,5.25,2482.0
a-61530,1322.0,1673.106230166877,278.85103836114615,4.740882471765619,Verde,6.0,1.9379384541520894,2024-09-30,2.1,15340.0
48520-12c20,137.0,983.6916386380456,163.94860643967425,0.8356277188022935,Rojo,6.0,0.7768963578619758,2024-09-19,10.3,4131.0
t1084,115.0,41.72104579829711,6.953507633049519,16.538415727540634,Verde,6.0,0.6787049988352634,2024-03-19,21.7392,851.0
rp1030100,257.0,235.3708697855292,117.6854348927646,2.1837876559166336,Verde,2.0,0.3387231529803752,2024-06-12,11.47,21951.0
332152,88.0,377.9770433730508,62.99617389550846,1.396910233722532,Amarillo,6.0,0.8767504663417751,2024-08-22,10.2,2831.0
54651-2s000,13.0,254.4081125013374,42.40135208355623,0.3065939966815719,Rojo,6.0,0.7747989592004784,2024-08-22,12.32,977.0
wk-820/18,209.0,177.1437220403223,44.285930510080576,4.719331796639712,Verde,4.0,0.3816169957988078,2024-04-09,23.976101517677307,9367.0
aty006,0.0,396.2324000446986,66.0387333407831,0.0,Rojo,6.0,0.6828966587922234,2023-05-19,2.32,3510.0
n017,102.0,261.9150213941864,43.652503565697735,2.3366357406394416,Verde,6.0,0.7853107730328915,2024-01-22,5.88,2258.0
t014,800.0,953.7849987329629,158.96416645549382,5.032580724562104,Verde,6.0,0.774695949715695,2024-09-20,4.75,13891.0
a-6207-s,267.0,262.1671043285422,43.69451738809037,6.110606455005155,Verde,6.0,1.0034372495807602,2024-09-30,12.5,4005.0
48892,16566.0,15036.56776387436,3759.14194096859,4.406856740219701,Verde,4.0,0.3782966591639764,2024-09-16,1.9298323778629303,549400.0
c-6805,338.0,846.9814458389698,141.16357430649495,2.3943853905691914,Verde,6.0,0.973339732480523,2024-09-17,4.74,9558.0
48005,4850.0,4318.558128263943,1079.6395320659858,4.492240100470474,Verde,4.0,0.3432758335731655,2024-09-16,2.005566434061527,75010.0
48991,1600.0,5789.687373332095,1447.4218433330238,1.1054137447004597,Naranja,4.0,0.3577747018353294,2024-09-16,2.9137098019480705,250200.0
ef-1112,964.0,2262.171141583643,377.0285235972738,2.5568357290381156,Verde,6.0,1.026266625474224,2024-09-17,2.0,37116.0
cf-300/1,51.0,121.0832597110383,30.270814927759574,1.6847911138735454,Verde,4.0,0.5443495575084007,2024-09-12,7.65,6035.0
hy033,0.0,158.4031006876474,26.400516781274565,0.0,Rojo,6.0,0.9654511831472617,2024-01-22,5.99,2892.0
17916,46060.0,157479.3067741168,39369.8266935292,1.1699314898830986,Naranja,4.0,0.391943740978608,2024-09-16,0.22853278158903123,4524360.0
48510-09k60ref,0.0,771.8501947151908,128.64169911919848,0.0,Rojo,6.0,0.8277924784106294,2024-08-22,10.14,10590.0
a-13530-s,279.0,198.0697333703705,33.01162222839508,8.451568907147404,Verde,6.0,0.8638510187970889,2024-09-30,10.21,944.0
41601-58m00,0.0,116.7567366265237,19.459456104420617,0.0,Rojo,6.0,0.740955243692965,2024-02-29,10.6,824.0
dt-628,34.0,84.55761363281121,14.092935605468535,2.412556258811461,Verde,6.0,0.3614057938095685,2023-11-06,46.55,1080.0
c-1121,263.0,1119.189128276553,186.5315213794255,1.4099493643491454,Amarillo,6.0,0.8225101800242756,2024-09-26,1.5,28050.0
hy027,498.0,2455.856329221633,409.3093882036055,1.216683551251154,Amarillo,6.0,0.7862230895180604,2024-09-20,4.95,11090.0
hy031,0.0,141.3785588047592,23.563093134126532,0.0,Rojo,6.0,0.9413587285210753,2024-01-22,6.1,2032.0
cf-1510/1,71.0,141.855362072852,35.463840518213,2.0020392310172066,Verde,4.0,0.41453777725956026,2024-09-24,33.04627893209457,8450.0
zd1567,247.0,115.1185358234136,38.372845274471196,6.436843508300515,Verde,3.0,0.023110305243626266,2018-02-23,14.13,2300.0
17197,10350.0,12222.03764416546,3055.509411041365,3.3873238820994365,Verde,4.0,0.4873720224658315,2024-05-29,0.15735214352607726,1181600.0
48510-8z205ref,0.0,227.7410408513733,37.95684014189555,0.0,Rojo,6.0,1.5675738831615744,2023-12-23,9.1,5600.0
to-014f2,0.0,487.7566822531849,81.29278037553082,0.0,Rojo,6.0,0.6851672858787918,2024-06-21,6.22,10650.0
eo-31110,450.0,1013.711741361314,168.95195689355234,2.663479063953791,Verde,6.0,1.2536583272608113,2024-09-17,1.6,15450.0
a-14490,485.0,558.976743711956,93.16279061865934,5.2059410927828145,Verde,6.0,1.1782122753915094,2024-09-17,1.38,13560.0
wk-940/24,468.0,291.5453563627241,72.88633909068102,6.42095632513167,Verde,4.0,0.31471443913433894,2024-02-03,9.1,8904.0
a-1864,560.0,283.1423632695872,47.19039387826453,11.866821909658418,Verde,6.0,2.295079867593059,2024-09-30,2.5,14643.0
a-28690,300.0,791.7711997833699,131.96186663056164,2.2733840287351743,Verde,6.0,1.424126247801188,2024-09-17,1.19,26238.0
861800,0.0,328.7134130320762,109.57113767735872,0.0,Rojo,3.0,0.44452590472179676,2023-04-10,4.958333,39048.0
af9050m,0.0,337.2189025774682,112.40630085915608,0.0,Rojo,3.0,0.4849026880034912,2024-06-14,8.18,4680.0
4106861j00,0.0,361.4805178074508,60.24675296790846,0.0,Rojo,6.0,0.7406793611025507,2024-08-22,10.15,3055.0
41601-64j00,0.0,156.8882627669513,26.148043794491883,0.0,Rojo,6.0,0.6896923644776954,2024-02-29,11.4,1419.0
fc-28011,1278.0,1713.921669154714,285.65361152578566,4.473950086518112,Verde,6.0,0.7331450828931445,2024-09-30,3.05,14112.0
ca-1114,3562.0,9414.443825030366,1569.0739708383944,2.2701287932886536,Verde,6.0,2.4713246660970722,2024-09-30,1.0,106220.0
a-28640,290.0,728.4002188543276,121.40003647572127,2.388796646350242,Verde,6.0,1.6621457510937083,2024-08-28,1.6,15140.0
cf-1651,0.0,132.0096588284383,33.00241470710957,0.0,Rojo,4.0,0.2874174241067606,2024-02-03,20.85,14408.0
mi-014,0.0,176.3104907494301,29.385081791571682,0.0,Rojo,6.0,0.6525972986149124,2024-06-21,8.82,990.0
a-7980,202.0,227.9345795782813,37.989096596380215,5.317315179831034,Verde,6.0,1.0728065307781394,2024-08-29,4.32,4884.0
t1069,0.0,496.5160218812583,82.75267031354305,0.0,Rojo,6.0,0.7251723319407816,2024-03-19,4.05795,3870.0
48520-52010,0.0,388.3234142147587,64.72056903579312,0.0,Rojo,6.0,0.8659612633165855,2024-02-29,10.3,7303.0
c-5706,58.0,406.843490744439,67.8072484574065,0.8553657804951785,Rojo,6.0,0.5885811600845097,2023-11-24,6.87,5790.0
eo-11050,0.0,2702.643019109991,450.44050318499853,0.0,Rojo,6.0,0.9994313791580373,2024-08-29,1.02,30300.0
a-57270-s,215.0,232.6551776956984,38.775862949283066,5.544686401466023,Verde,6.0,1.1003081604643379,2024-09-17,34.71,3571.0
wc-7101,137.0,286.1318574826881,47.688642913781344,2.8728013973408526,Verde,6.0,0.9713736336347957,2024-09-17,4.94,6252.0
hy026,0.0,71.71048073458627,11.951746789097712,0.0,Rojo,6.0,0.9399839567915036,2024-01-22,4.92,2780.0
as-1825,460.0,967.8349990268931,161.30583317114886,2.851725761906765,Verde,6.0,1.291216122060624,2024-08-29,4.13,12123.0
48510-52790,0.0,517.6741982419433,86.27903304032388,0.0,Rojo,6.0,0.8655945744978347,2024-02-29,10.3,7511.0
bdd031,0.0,183.8611242396079,30.64352070660132,0.0,Rojo,6.0,0.7937675472824776,2024-07-24,9.21,700.0
k006,0.0,258.4281385811851,43.07135643019752,0.0,Rojo,6.0,0.9267323770100818,2024-01-22,5.78,1854.0
m25600100,289.0,78.61182661927387,39.305913309636935,7.3525832544169285,Verde,2.0,0.5112343674273574,2024-06-12,11.14,20538.0
pu-999/1x,433.0,774.2402630036685,193.56006575091712,2.2370316848166723,Verde,4.0,0.24995944223073735,2024-09-12,11.7,35900.0
17629,2370.0,2351.330959788903,587.8327399472257,4.031759102449403,Verde,4.0,0.33743334740655995,2024-09-16,1.4446021729946137,52700.0
sfc-55220,37.0,185.2043267747526,30.867387795792098,1.1986760993440433,Naranja,6.0,0.5829434813739268,2024-09-17,10.0,3156.0
hu-1077/2x,0.0,776.7444428702397,194.18611071755993,0.0,Rojo,4.0,0.48509619791683795,2024-09-24,6.3114614772796624,2802.0
hy049,0.0,309.1226626536473,51.52044377560788,0.0,Rojo,6.0,1.0912852673202738,2023-08-31,6.62,1804.0
ctx-062,1041.0,143.6956632957508,23.949277215958464,43.466865016967425,Verde,6.0,0.4144607482685137,2024-04-16,20.79,4380.0
d003,0.0,94.95539058281238,15.825898430468731,0.0,Rojo,6.0,0.8760888275981799,2023-07-15,5.04,2930.0
377412503,0.0,297.2198993678535,49.536649894642245,0.0,Rojo,6.0,0.6688393303302637,2024-08-22,6.65,4857.0
a-76530-s,454.0,869.8870124868513,144.98116874780854,3.131441165229691,Verde,6.0,1.2262566832222948,2024-09-30,9.88,2176.0
as-5628-s,22.0,215.7881386756368,35.964689779272796,0.611711101500424,Rojo,6.0,1.2743530072385583,2024-09-17,6.08,3336.0
efg-1002,0.0,2073.294607581895,345.54910126364916,0.0,Rojo,6.0,0.8845997695238654,2024-08-29,4.1,25900.0
48510-12d20,124.0,759.3358886017637,126.55598143362728,0.9798035509292164,Rojo,6.0,0.7796381017764747,2024-09-19,10.3,4173.0
mz002,0.0,263.5665628871567,43.927760481192784,0.0,Rojo,6.0,1.0320829518247505,2024-01-22,4.31,2680.0
fs-18290,309.0,2080.587198268016,346.76453304466935,0.8910945917303353,Rojo,6.0,0.6047197602974402,2024-09-17,5.33,10272.0
p85140500,40.0,23.4824784906539,11.74123924532695,3.406795412666523,Verde,2.0,0.28983652560386725,2024-09-21,46.5,3080.0
dt-124v,0.0,1302.550677473364,217.091779578894,0.0,Rojo,6.0,0.4277804328426167,2024-05-20,16.17,12050.0
w-1170/7,300.0,322.8242813773611,80.70607034434028,3.717192507577446,Verde,4.0,0.2574610091558281,2024-04-09,12.058664560317993,7029.0
fc-1001,686.0,3603.369417413661,600.5615695689435,1.1422642319460774,Naranja,6.0,0.6752622871505808,2024-09-30,2.37,35800.0
hy040,540.0,314.004089273299,52.33401487888316,10.318336960191653,Verde,6.0,0.6652214102166365,2024-01-22,3.36,3332.0
884530,1467.0,1686.443631844598,562.1478772815327,2.6096336200613326,Verde,3.0,0.3820661999013829,2024-08-07,21.46,25320.0
sf-1911-2,2841.0,2861.032921367513,476.83882022791886,5.957988065321658,Verde,6.0,1.7248732315108257,2024-09-17,1.45,19550.0
3461-8553skr,160.0,469.0597355786328,78.1766225964388,2.046647638206981,Verde,6.0,1.1289373851237394,2024-08-29,30.5,1948.0
a-6020m,731.0,1311.619821228175,218.60330353802917,3.343956784591007,Verde,6.0,1.698309097333606,2024-09-30,8.1,16320.0
a-33410,474.0,321.0842171116095,53.51403618526825,8.8574892456063,Verde,6.0,0.9111096132713996,2022-12-06,3.17,3360.0
rxfc113644bep,0.0,300.6728430984439,150.33642154922194,0.0,Rojo,2.0,0.2536530616469613,2024-10-09,4.86,10968.0
a-13570,933.0,1144.651926703724,190.77532111728735,4.89056967397999,Verde,6.0,1.1041161362901544,2024-09-30,6.5,17040.0
c-6214,292.0,776.503657523274,129.417276253879,2.2562675436560804,Verde,6.0,1.1569135930650858,2024-03-14,1.88,11760.0
485100d851,0.0,1280.042579640461,213.34042994007686,0.0,Rojo,6.0,0.9369652682476297,2024-02-29,10.1,6608.0
ch011,0.0,159.0226751145942,26.503779185765698,0.0,Rojo,6.0,0.7174314334027478,2024-01-22,4.73,2050.0
ca-18280,634.0,1188.998597307299,198.16643288454983,3.199330940015271,Verde,6.0,1.0990084052734639,2024-09-30,1.27,9480.0
a-8602-s,242.0,1670.374451153145,278.3957418588575,0.8692661690303094,Rojo,6.0,1.1216309071839607,2024-09-30,4.92,13500.0
48881,54519.0,63293.04143045017,15823.260357612542,3.445497246954608,Verde,4.0,0.3990707875492109,2024-09-16,1.262086424088478,2003505.0
n005,416.0,1771.111686938705,295.1852811564508,1.4092843598780807,Amarillo,6.0,0.867354784137426,2024-09-20,4.1,15260.0
884572,282.0,216.758733903827,72.25291130127566,3.9029569178760712,Verde,3.0,0.5742411621440741,2024-03-21,4.988333,3528.0
a-6117-s,345.0,132.6813015755869,22.113550262597816,15.601294043838925,Verde,6.0,0.9654811915649235,2024-09-26,16.11,1896.0
48951,140.0,344.8756844748179,86.21892111870447,1.6237735079896305,Verde,4.0,0.4530189657464263,2024-09-16,2.7283110582232477,19326.0
afc11100/1f,357.0,2473.029789386713,824.3432631289044,0.4330720174080869,Rojo,3.0,0.524896975630157,2024-06-14,7.19,22290.0
afc11100/1f,350.0,2473.029789386713,824.3432631289044,0.42458040922361456,Rojo,3.0,0.524896975630157,2024-06-14,7.19,22290.0
3330083,126.0,806.9215441910934,134.4869240318489,0.9368940579692413,Rojo,6.0,0.7671130138090889,2024-09-19,10.9,1197.0
ni-080,47.0,161.7451331940319,26.957522199005314,1.7434836797327842,Verde,6.0,0.6148474378077109,2024-06-21,6.72,2479.0
as-5102-s,230.0,198.7931584961487,33.13219308269145,6.941888797580201,Verde,6.0,0.8140661572884084,2024-08-29,28.82,1283.0
48072,4206.0,5619.024740986735,1404.7561852466838,2.994113885507755,Verde,4.0,0.47903361804295025,2024-09-16,3.2120997656822206,48930.0
a-42610,49.0,399.7613927621854,66.62689879369756,0.7354387024934599,Rojo,6.0,1.5554527090572474,2024-08-29,9.49,1668.0
c-15300,0.0,151.9757595170594,37.99393987926485,0.0,Rojo,4.0,1.0397294056664856,2023-09-06,8.516571836471558,6899.0
a-69130-s,56.0,211.8000304838507,35.30000508064178,1.586402037962026,Verde,6.0,1.0398781570204716,2023-02-17,13.04,2248.0
sk016,22.0,270.3051191140279,45.050853185671315,0.4883370334703723,Rojo,6.0,1.066283742041095,2024-01-22,4.31,2090.0
c-16400,98.0,431.11863929504,107.77965982376,0.9092624727174721,Rojo,4.0,0.35563638705992906,2024-09-12,10.75,7248.0
a-1324-s,996.0,1288.08896719167,214.681494531945,4.639431089165412,Verde,6.0,0.8460643317102574,2024-08-29,9.21,18780.0
48328,28560.0,19920.50079450031,4980.125198625077,5.734795584634077,Verde,4.0,0.5165980345958189,2024-09-16,2.0117759613633157,555895.0
t1083,101.0,61.34866451439082,10.224777419065136,9.877965637831416,Verde,6.0,0.6777499663111481,2024-03-19,21.739099999999997,750.0
ch010,0.0,209.4353793880447,34.905896564674116,0.0,Rojo,6.0,1.0311729401488596,2024-01-22,4.28,3712.0
hy009,1540.0,2230.726372298399,371.78772871639984,4.14214854620636,Verde,6.0,0.8487165252461243,2024-09-20,4.45,20718.0
dg001,0.0,103.7424516990891,17.29040861651485,0.0,Rojo,6.0,0.9543076278356794,2024-01-22,4.83,3904.0
3461-1096skr,47.0,226.9478714208068,37.82464523680113,1.2425760957110523,Amarillo,6.0,0.7536466738873214,2024-08-29,32.0,864.0
wk-950/14,315.0,319.0807561912628,79.7701890478157,3.948843593829059,Verde,4.0,0.3075435476136556,2024-09-12,10.34,13149.0
rov2050025,0.0,877.6041515847883,219.40103789619707,0.0,Rojo,4.0,0.6120395195008037,2024-06-20,2.165833,34992.0
hy030,0.0,135.8763767889294,22.6460627981549,0.0,Rojo,6.0,1.0121082029992834,2024-01-22,5.04,2290.0
hy046,0.0,156.0087959019517,26.001465983658615,0.0,Rojo,6.0,0.5858610819173438,2024-01-22,8.72,1144.0
hy008,1548.0,1412.220914248501,235.37015237475018,6.576874698773679,Verde,6.0,0.9760656570888658,2024-09-20,4.2,15866.0
ef-2636,0.0,1489.271600001087,248.2119333335145,0.0,Rojo,6.0,1.2409462643343232,2024-08-29,3.61,12950.0
f-1111,4020.0,13808.95323508792,2301.4922058479865,1.746692858566005,Verde,6.0,1.4206822979140898,2024-09-30,1.2,207750.0
kn47001,422.0,867.8324931782737,216.95812329456842,1.9450758219688418,Verde,4.0,0.4566902051910869,2022-10-20,4.4,40030.0
a-5801-s,260.0,454.4217245808433,75.73695409680722,3.4329344650917326,Verde,6.0,0.9828878698684715,2024-09-26,16.96,5928.0
c-311345/1,44.0,78.49710569787756,19.62427642446939,2.242120883760925,Verde,4.0,0.3463947640471189,2024-09-24,52.42513248205185,9395.0
ato-001,255.0,84.56608607923448,14.094347679872413,18.092359135155686,Verde,6.0,0.7132382913797098,2024-06-21,31.3,1050.0
a-28650,389.0,857.4849991120519,142.91416651867533,2.7219135056787205,Verde,6.0,0.955505369310061,2024-09-17,9.44,8864.0
wk-1156/1,0.0,198.0719066101883,49.51797665254708,0.0,Rojo,4.0,0.32940088013232155,2024-02-03,10.9,10189.0
a-6121m-s,96.0,322.6166652574605,53.769444209576754,1.7854006380616756,Verde,6.0,0.6528191410586303,2024-08-29,19.33,2068.0
w-11102/36,603.0,2272.950226181361,568.2375565453402,1.061175899153871,Naranja,4.0,0.24298986635814643,2024-09-24,9.156063833236695,138450.0
c-1011,3400.0,33182.32073895746,5530.386789826243,0.6147852092831328,Rojo,6.0,0.8166831860192156,2024-09-30,0.88,281650.0
99939,12398.0,8002.920021161437,8002.920021161437,1.5491845435437352,Verde,1.0,0.34583552582826615,2024-07-24,1.8,5268480.0
hy-803,0.0,127.5942357519124,21.265705958652067,0.0,Rojo,6.0,0.6303906794068171,2024-06-21,8.12,5559.0
hy043,8.0,220.7933482275059,36.79889137125098,0.2173978536280029,Rojo,6.0,0.8909901546396848,2024-01-22,5.46,1574.0
a-71260-s,92.0,53.12071537207817,8.853452562013029,10.391426322736377,Verde,6.0,0.7776599401603548,2024-08-29,36.47,508.0
675130,406.0,972.6439242089805,324.2146414029935,1.2522568328286836,Amarillo,3.0,0.6504582965642975,2024-05-04,6.291667,22056.0
fc-2205,107.0,324.1560522821778,54.02600871369631,1.9805275745434456,Verde,6.0,0.9558424919241938,2023-10-05,5.2,3108.0
54302-5m400,0.0,124.8212021715169,20.803533695252817,0.0,Rojo,6.0,0.7363595912304113,2024-02-29,9.9,5394.0
ca-18120,210.0,3357.757331990853,559.6262219984754,0.3752504649443894,Rojo,6.0,1.2211890599145179,2024-09-30,1.35,10020.0
fs-4301,158.0,311.5640795180504,51.927346586341734,3.0427127590139214,Verde,6.0,0.7677797675730705,2024-09-17,3.3,2975.0
hy017,24.0,346.4182244508903,57.73637074181505,0.41568251851719207,Rojo,6.0,1.1717507232593312,2024-01-22,4.62,4184.0
pcr5050500,117.0,242.6302814212974,60.65757035532435,1.9288606403888062,Verde,4.0,0.9042896407250623,2024-06-20,19.99,2556.0
48510-12750,0.0,236.6347633770787,39.43912722951312,0.0,Rojo,6.0,0.7271276702011942,2024-08-22,11.1,2586.0
a-8506-s,388.0,2524.296473034847,420.7160788391412,0.9222371559237459,Rojo,6.0,1.2988328724619065,2024-09-17,6.4,19354.0
48358,611.0,551.0901241632428,137.7725310408107,4.434846303426123,Verde,4.0,0.4338882891012643,2024-05-29,3.0859468313455585,20300.0
ef-65030-s,106.0,303.3816412135311,50.56360686892185,2.096369435724556,Verde,6.0,1.4266823532144517,2024-09-17,5.31,1400.0
sfc-1306-30,206.0,603.4986568736739,100.58310947894564,2.0480575821044837,Verde,6.0,0.7179895869364606,2024-08-29,5.33,11870.0
re001,0.0,232.8402191512211,38.806703191870184,0.0,Rojo,6.0,0.8962108565083818,2024-01-22,5.36,2594.0
to-2880,0.0,63.97093068962822,10.661821781604703,0.0,Rojo,6.0,0.7498495607596355,2024-06-21,9.92,6094.0
a-6038-s,570.0,1523.109748361987,253.8516247269978,2.2454061525625484,Verde,6.0,0.7089371595824483,2024-08-29,18.65,18144.0
a-5330-s,70.0,332.2628351601799,55.37713919336332,1.2640595202214628,Amarillo,6.0,0.7779107329384541,2024-09-26,15.42,3248.0
41602-58m00,0.0,181.7367970028227,30.289466167137117,0.0,Rojo,6.0,0.7297862786190464,2024-02-29,10.6,817.0
mwmwd976,1787.0,1196.927989683346,398.9759965611153,4.478966191958033,Verde,3.0,1.434955498561962,2024-07-20,6.6,12600.0
41700-65j00,117.0,193.9976270193297,32.332937836554954,3.61860096324814,Verde,6.0,0.7554885670032705,2024-09-19,6.2,2819.0
w-920/7,164.0,237.793841225943,59.44846030648575,2.7586921369283606,Verde,4.0,0.3132642426596592,2024-09-24,4.300238717794419,39874.0
b10300025,0.0,410.6632212423331,205.33161062116656,0.0,Rojo,2.0,0.4186926772035411,2024-06-12,3.73,17700.0
a-1840-s,48.0,166.5755873170541,27.762597886175683,1.7289448270221672,Verde,6.0,0.8696539078841022,2023-11-24,25.45,1390.0
26560143,263.0,818.2651236479418,136.3775206079903,1.9284703140774868,Verde,6.0,1.0266656192315922,2024-09-17,3.5,6600.0
48530-02130,48.0,101.1101159206443,16.85168598677405,2.848379683651388,Verde,6.0,0.736401368832028,2024-09-19,11.3,1245.0
eo-17030,1691.0,2785.194000025856,464.1990000043093,3.6428342154642768,Verde,6.0,1.5106433189914146,2024-09-30,0.95,27600.0
f-11112,780.0,1735.875829166702,289.31263819445036,2.6960453745396116,Verde,6.0,1.2926617139522103,2024-09-17,1.6,12200.0
hy038,0.0,253.0342519349501,42.17237532249168,0.0,Rojo,6.0,0.6435829690577727,2024-01-22,5.25,3096.0
884559,1785.0,981.6054352796816,327.20181175989387,5.455348765947123,Verde,3.0,0.4819530276779053,2024-08-07,5.708333,45792.0
n014,1.0,431.67692407296,71.94615401216,0.013899283620233332,Rojo,6.0,0.9647915079997907,2024-01-22,3.68,6349.0
c-65400,597.0,2305.417118424492,384.236186404082,1.553731848077851,Verde,6.0,0.8556463998439986,2024-09-17,1.1,24550.0
t1085,150.0,157.9084981816956,26.318083030282597,5.699503258934332,Verde,6.0,0.5987195609169225,2024-08-15,23.8,1239.0
a-1088,632.0,1929.56642420323,321.5944040338717,1.9652083247488197,Verde,6.0,0.6600842566259094,2024-09-30,7.12,22021.0
c-1160,6777.0,9802.200376828467,1633.7000628047444,4.148252273654941,Verde,6.0,0.9301655886176167,2024-09-30,1.3,56600.0
c-1534,3182.0,2290.911117334766,381.81851955579435,8.333802152137414,Verde,6.0,0.7049580340418872,2024-02-28,4.21,24132.0
di1540ci500,14.0,47.57972360355772,23.78986180177886,0.5884859742629176,Rojo,2.0,0.499336319477217,2024-06-12,48.02,6270.0
4853109450,51.0,137.9651711969774,22.994195199496232,2.2179510766750963,Verde,6.0,0.9915159026715806,2024-08-22,6.35,3612.0
c-1013,1375.0,1552.345911809208,258.724318634868,5.314537138429989,Verde,6.0,0.7459076252434237,2024-09-17,1.49,49550.0
rxfc113640bep,0.0,3680.918360335718,1840.459180167859,0.0,Rojo,2.0,0.3253135278653022,2024-10-09,1.52,48648.0
48006,3191.0,3095.553979443238,773.8884948608095,4.12333303982498,Verde,4.0,0.47011576464551363,2023-04-18,1.7844423140168193,69700.0
ca-1112,116.0,2266.530870794209,377.75514513236817,0.3070772205084136,Rojo,6.0,2.0751030078255654,2024-09-17,0.85,28680.0
b10300100,871.0,1032.776496187435,516.3882480937175,1.686715379785183,Verde,2.0,0.3662118174866786,2024-06-12,12.99,40383.0
icd976,1025.0,1240.970774950081,206.82846249168017,4.955797609534671,Verde,6.0,1.0694913332629097,2024-07-26,4.7,2900.0
sk-1043,0.0,344.9218395589523,57.48697325982538,0.0,Rojo,6.0,0.6065929307690778,2024-06-21,5.52,14970.0
by-002,21.0,171.1880989347904,28.531349822465064,0.7360324741265828,Rojo,6.0,0.571814863936635,2024-06-21,7.82,2160.0
eo-2626,674.0,749.1328730616287,124.85547884360479,5.398241280578957,Verde,6.0,1.2397896306661886,2024-09-17,2.08,10450.0
48702,8108.0,7475.932698334464,1868.983174583616,4.338187796584286,Verde,4.0,0.3704741384070293,2024-09-16,1.4518096600413324,199700.0
t1086,163.0,147.3120409638248,24.552006827304137,6.63896850251478,Verde,6.0,0.606114050243605,2024-08-15,23.8,1128.0
dttmlt265/70r17,0.0,171.8009345026964,28.633489083782734,0.0,Rojo,6.0,0.2165278089198839,2023-04-05,67.0,1857.0
hy045,444.0,582.3330382181745,97.05550636969575,4.574701803200657,Verde,6.0,1.053699306033169,2024-09-20,4.5,4174.0
cf-2631,72.0,417.6648129913074,104.41620324782684,0.689548152111138,Rojo,4.0,0.2946635837721111,2024-02-09,11.16523648738861,3050.0
pp05300100,378.0,439.2510668255028,219.6255334127514,1.7211113577108945,Verde,2.0,0.4608992554852919,2024-06-12,16.31,3018.0
884646,1954.0,356.4715847764267,118.82386159214224,16.444508483548702,Verde,3.0,0.7523269016707198,2024-08-07,4.376667,12852.0
c-1142,78.0,4618.732664913331,769.7887774855552,0.10132649667195705,Rojo,6.0,0.8950399921508093,2024-09-17,1.3,66650.0
rp2050100,1117.0,594.4535504151385,297.22677520756923,3.7580732732437703,Verde,2.0,0.3903948773648446,2024-06-12,11.47,221073.0
fc-1807,2771.0,7343.520468292135,1223.9200780486892,2.2640367207782384,Verde,6.0,0.8673195530165257,2024-09-26,2.0,111575.0
sk-823a,0.0,43.97981131588715,7.329968552647858,0.0,Rojo,6.0,0.6130381131859761,2024-06-21,6.12,4000.0
w-962,247.0,373.4336341294057,93.35840853235142,2.64571776536237,Verde,4.0,0.33245271739064225,2024-09-24,4.7558195638656615,22404.0
48510-bz750,62.0,108.504701520691,18.084116920115168,3.428422868193066,Verde,6.0,0.7622993812625422,2024-09-19,10.2,1255.0
884569,4128.0,1505.361396726764,501.7871322422547,8.226595970195323,Verde,3.0,0.44898221976079566,2024-08-07,5.386667,42168.0
sk006,0.0,294.6459009948744,49.1076501658124,0.0,Rojo,6.0,0.5997607928755739,2024-01-22,5.57,4509.0
dt-100v,1128.0,992.6716512366012,165.4452752061002,6.817964421134518,Verde,6.0,0.43511945511910427,2024-05-20,13.65,13034.0
17039,849.0,4939.96863836068,1234.99215959017,0.6874537570195904,Rojo,4.0,0.40190670378598314,2024-05-29,0.3493217586278915,152400.0
mr-992321,0.0,214.6323144996806,35.772052416613434,0.0,Rojo,6.0,0.796150784122628,2024-02-29,8.0,2286.0
w-9023/1,58.0,220.7578278858541,55.18945697146353,1.0509253611607323,Naranja,4.0,0.4479211628859196,2024-09-24,11.800655086040496,3140.0
hy035,50.0,212.6336053230172,35.438934220502865,1.410877643466856,Amarillo,6.0,1.1240479072284266,2024-01-22,8.4,3244.0
mi003,0.0,132.0601151197712,22.010019186628536,0.0,Rojo,6.0,1.062761287624996,2023-08-31,8.9,1468.0
a-33740,4068.0,12812.62584991589,2135.4376416526484,1.9049959224525572,Verde,6.0,1.7458354626419594,2024-09-26,3.75,79540.0
c-2906,1598.0,4968.59130844369,828.0985514072817,1.9297220086719602,Verde,6.0,0.9044748294285019,2024-08-29,1.8,69500.0
c-1007,47.0,344.9241008067902,57.48735013446503,0.8175711680928981,Rojo,6.0,0.7822811634232104,2024-08-29,7.7,5934.0
48320,6975.0,7244.776456305488,1811.194114076372,3.8510505007669695,Verde,4.0,0.4031786058602938,2024-09-16,0.8464916325330735,244900.0
t015,1040.0,2941.456006621046,490.24266777017436,2.121398377522602,Verde,6.0,0.7862167162752883,2024-09-20,4.7,23207.0
to-015,0.0,787.5495002379582,131.2582500396597,0.0,Rojo,6.0,0.6512633129163734,2024-06-21,6.22,9479.0
ety002,0.0,307.7139116424982,51.285651940416365,0.0,Rojo,6.0,0.7162037646502092,2023-05-19,2.35,3880.0
98016,299.0,145.8780826409734,36.46952066024335,8.198627088782935,Verde,4.0,0.4567771201688505,2024-05-29,6.953228444337845,3310.0
a-5331-s,93.0,236.6587626399212,39.443127106653534,2.3578252238604107,Verde,6.0,0.7360478549876703,2024-09-26,24.9,1589.0
dt155/70r12,0.0,109.9867483527501,18.33112472545835,0.0,Rojo,6.0,0.6321523606229388,2024-10-04,15.0,8260.0
f-17011,1000.0,1386.469994276481,231.0783323794135,4.327536856021941,Verde,6.0,1.6216823543327195,2024-09-17,1.8,15200.0
54650-g6250,55.0,87.37181154365696,14.561968590609494,3.776961861836976,Verde,6.0,0.7552496894595081,2024-09-19,10.9,763.0
ch002,0.0,871.0096757392039,145.16827928986731,0.0,Rojo,6.0,1.1532661226026437,2024-01-22,4.94,9892.0
re002,0.0,196.2257094046201,32.70428490077001,0.0,Rojo,6.0,0.7181382406333503,2024-01-22,6.3,1842.0
bdd010,91.0,176.0945671590157,29.349094526502615,3.100606729717873,Verde,6.0,1.0389063173061577,2024-07-24,10.09,1030.0
t016,962.0,1899.071842214593,316.51197370243216,3.0393794861752106,Verde,6.0,0.8353509709636366,2024-09-20,9.8,12308.0
rxfc113661bep,0.0,2226.593957093911,1113.2969785469554,0.0,Rojo,2.0,0.27533969542148506,2024-10-09,2.08,39744.0
novar#1,22.0,11.29618818728241,11.29618818728241,1.9475596223483833,Verde,1.0,0.41460484950793425,2024-06-25,48.29,4184.0
54650-b4000,257.0,147.2281979837284,24.538032997288067,10.47353714245977,Verde,6.0,0.8213750244082307,2024-09-19,10.3,1290.0
17649,3880.0,2922.785370024404,730.696342506101,5.310003313678286,Verde,4.0,0.49268152651274827,2024-05-29,0.628648943066597,69200.0
3340048,244.0,154.6676630832272,25.777943847204536,9.465456261611818,Verde,6.0,0.78099377651029,2024-09-19,9.9,1505.0
ety001,71.0,676.3846336644222,112.73077227740369,0.6298191573218876,Rojo,6.0,0.727144456759042,2023-05-19,2.35,3890.0
c-1318,316.0,843.6455503577938,140.60759172629898,2.2473893203086273,Verde,6.0,1.4176490033041942,2024-09-17,2.75,15288.0
dt-036v,121.0,136.3270897556022,22.7211816259337,5.325427259552908,Verde,6.0,0.711211252205043,2024-01-11,17.74,900.0
tb-1374x,0.0,226.8904592619651,56.722614815491276,0.0,Rojo,4.0,0.28925662584413336,2024-02-09,15.152820947170259,25765.0
eo-2624,553.0,650.8721703600482,108.47869506000804,5.097775187045645,Verde,6.0,0.8451480639804838,2022-08-10,1.26,13000.0
c-2505,937.0,1868.655543014408,311.44259050240134,3.0085801639669296,Verde,6.0,1.2833296939371448,2024-09-17,1.15,22650.0
sfc-19140,0.0,378.2917549357641,63.04862582262735,0.0,Rojo,6.0,0.9375511376598032,2024-08-29,9.1,4692.0
bdd020,228.0,1099.591816393379,183.26530273222986,1.244098018560187,Amarillo,6.0,0.9484312419240416,2024-07-24,12.21,5780.0
48321,6110.0,7570.578241475101,1892.6445603687753,3.2282870898957845,Verde,4.0,0.4499007479855714,2024-09-16,0.7700922698378563,316331.0
485300d330,0.0,216.7800564153126,36.1300094025521,0.0,Rojo,6.0,0.9878314375868411,2024-02-29,6.0,3359.0
cf-400/1,425.0,348.2370476705107,87.05926191762768,4.881732174597571,Verde,4.0,0.30686993263573886,2024-02-03,9.29,6516.0
mi004,0.0,28.19426864965867,4.699044774943112,0.0,Rojo,6.0,0.9878020586198896,2023-08-31,9.56,1444.0
a-7620-s,240.0,386.3627647620532,64.39379412700886,3.7270672314575757,Verde,6.0,1.2373031082863126,2024-09-30,2.37,5875.0
eo-1501,390.0,1484.586089430737,247.43101490512285,1.576196905426529,Verde,6.0,1.7882808436895143,2024-09-17,1.3,11000.0
ato-002,223.0,203.3204135746647,33.88673559577745,6.580746008116153,Verde,6.0,1.4984549546734047,2024-06-21,29.7,1138.0
wk-1050/1,219.0,929.0395927587458,232.25989818968645,0.9429092224140342,Rojo,4.0,0.4207484172658044,2024-09-12,10.97,43257.0
c-2105,338.0,1479.35960474432,246.55993412405334,1.3708634421922736,Amarillo,6.0,0.9953305507451496,2024-09-17,1.56,29700.0
884721,1610.0,435.6674864606381,145.22249548687935,11.086436674994758,Verde,3.0,0.7619992907807319,2024-08-07,4.595,14112.0
sk005,222.0,475.0438845502928,79.17398075838213,2.8039514733695756,Verde,6.0,0.7865082084478243,2024-01-22,3.75,6517.0
48520-12610,16.0,291.8876058232087,48.64793430386811,0.3288937182832818,Rojo,6.0,0.7252803837391975,2024-08-22,11.1,2612.0
fc-13210,159.0,201.0180427959847,33.503007132664116,4.745842645419767,Verde,6.0,0.9813312531276474,2024-09-17,12.09,888.0
af6210/fh,1839.0,3820.555336679392,1273.5184455597973,1.4440309101228883,Amarillo,3.0,0.29642794260677674,2024-07-03,7.39,8424.0
c-1513,1717.0,1644.698705440349,274.1164509067248,6.263761238409779,Verde,6.0,0.5490025407734573,2024-03-14,7.11,24666.0
cf-500/1,47.0,261.9781938887012,65.4945484721753,0.7176169787622474,Rojo,4.0,0.5524164065570247,2024-09-12,10.48,4661.0
bdd028,128.0,151.2685432718858,25.211423878647633,5.077063501693267,Verde,6.0,1.386745199442874,2024-07-24,7.46,1550.0
c-1305,783.0,1825.10268777077,304.1837812951283,2.574101737660726,Verde,6.0,0.5818811948574905,2024-08-29,3.9,27280.0
n018,124.0,449.8454608578967,74.97424347631612,1.6539013166457732,Verde,6.0,0.8712418890283221,2024-01-22,4.5,3330.0
a-5507-s,61.0,228.5336830279396,38.08894717132326,1.6015144688988991,Verde,6.0,1.1342159136253085,2024-09-17,17.62,1244.0
a-7124,215.0,73.19216172267464,12.198693620445773,17.62483809246972,Verde,6.0,1.0090368575957405,2024-09-30,23.44,2286.0
48531-35190ref,0.0,249.20895492145,41.534825820241664,0.0,Rojo,6.0,0.8600692115951085,2023-12-23,7.4,4597.0
a-5801,199.0,119.4124593717624,19.9020765619604,9.998956610404983,Verde,6.0,1.5130196586775537,2024-08-29,11.29,5062.0
48751,0.0,2908.370293591499,727.0925733978747,0.0,Rojo,4.0,0.39337932457938796,2024-09-16,2.1458352204322817,152500.0
a-6304-s,279.0,573.471906889892,95.57865114831533,2.9190619102487476,Verde,6.0,1.1340821312627756,2024-09-30,18.23,6944.0
paw68a500,1632.0,1634.132794568059,817.0663972840294,1.9973896924715686,Verde,2.0,0.5245326513150632,2024-09-21,20.55,90114.0
di1540ci5500,5.0,8.206251792484842,4.103125896242421,1.2185831306270476,Amarillo,2.0,0.45420017651168815,2024-03-05,502.66,2383.0
c-1328,248.0,747.9825842563582,124.66376404272637,1.9893511310552299,Verde,6.0,0.9647901514558466,2024-03-18,3.91,9852.0
t013,395.0,1199.254548369681,199.8757580616135,1.9762276517707449,Verde,6.0,0.7666111734469353,2024-09-20,3.95,12354.0
884544,4200.0,3065.901623672657,1021.9672078908857,4.109720906473967,Verde,3.0,0.3921384399892221,2024-08-07,21.46,55767.0
a-71420-s,23.0,185.9468205402624,30.9911367567104,0.7421476721088617,Rojo,6.0,0.6540134058484621,2024-04-18,31.66,1769.0
pu-941x,529.0,1315.509317933568,328.877329483392,1.60850247972691,Verde,4.0,0.5442959198896473,2024-09-24,7.45596945643425,29040.0
p1540ci500,1256.0,899.8782007864528,449.9391003932264,2.7914888901682757,Verde,2.0,0.4122668772561642,2024-09-21,29.5,31778.0
rovatfd025,876.0,1066.453325710256,266.613331427564,3.285657154912375,Verde,4.0,0.6001534437923125,2023-12-27,2.165833,25488.0
n013,0.0,594.4384401555714,99.0730733592619,0.0,Rojo,6.0,0.7745322242155794,2024-01-22,4.73,5896.0
17919,3360.0,13685.46733854727,3421.3668346368177,0.9820636495287324,Rojo,4.0,0.4499996031654386,2024-09-16,0.8382861857414244,387640.0
ki-001,0.0,164.8086017352113,27.468100289201885,0.0,Rojo,6.0,0.6486843874688893,2024-06-21,7.22,1500.0
di1540ci100,146.0,230.5009713728468,115.2504856864234,1.266805941254258,Amarillo,2.0,0.6344630120792787,2024-03-30,10.78,12444.0
41602-64j00,5.0,147.7506623012071,24.625110383534516,0.20304477511472316,Rojo,6.0,0.684369376258653,2023-12-23,11.4,1409.0
332153,86.0,351.6950361850488,58.6158393641748,1.4671802183995,Amarillo,6.0,0.8771413167654238,2024-08-22,10.2,2765.0
hy016,0.0,137.7633982111625,22.960566368527083,0.0,Rojo,6.0,1.088834052876648,2023-08-31,7.43,2230.0
a-1876,215.0,888.6630515056665,148.11050858427777,1.4516188085172959,Amarillo,6.0,1.411258296886927,2024-08-29,2.02,11460.0
wk-1040,2978.0,5451.548550894931,1362.8871377237328,2.185067213249805,Verde,4.0,0.32090544847171376,2024-09-12,9.32,142571.0
a-5025-s,145.0,177.8424993515918,29.640416558598634,4.891969035365522,Verde,6.0,0.5933286661200314,2024-08-29,23.72,2154.0
n002,90.0,694.5480873454245,115.75801455757075,0.7774839638013977,Rojo,6.0,1.0758211193598564,2024-01-22,6.62,8057.0
ef-2634,107.0,622.9013615877732,103.81689359796219,1.0306607748673795,Naranja,6.0,1.1619334211886947,2024-09-17,4.89,8475.0
48700,15750.0,16400.02459092873,4100.006147732182,3.8414576545724755,Verde,4.0,0.3383210151427004,2024-09-16,1.1563026911258696,781200.0
861398,66.0,348.5992241010391,116.19974136701303,0.5679874948390908,Rojo,3.0,0.7056131634205104,2024-05-04,6.243333,6720.0
54650-4n000,0.0,126.2162152283346,21.0360358713891,0.0,Rojo,6.0,0.8560239009757872,2024-02-29,9.7,1593.0
a-5444-s,191.0,132.1381861421025,22.023031023683753,8.672738997397634,Verde,6.0,1.014727739278463,2024-08-29,17.79,2918.0
a-83100-s,173.0,228.4188090399545,38.06980150665908,4.544284266093146,Verde,6.0,0.9877151584001922,2024-09-17,31.32,772.0
zxru1,162.0,291.7461310018047,97.24871033393491,1.6658318598130566,Verde,3.0,0.6781105495683205,2024-08-07,5.825,7398.0
17945,1380.0,1984.574227363536,496.143556840884,2.7814530310278194,Verde,4.0,0.34091290229526877,2024-05-29,0.6404774835109711,43200.0
v001,196.0,297.8320081619344,49.63866802698907,3.94853463621209,Verde,6.0,0.9217439072751372,2024-01-22,5.04,3107.0
hu-12140x,48.0,242.9634517808244,60.7408629452061,0.7902423125483162,Rojo,4.0,0.3645008810024051,2024-09-12,11.77,3694.0
t011,0.0,742.4030342730529,123.73383904550882,0.0,Rojo,6.0,0.8494186986328199,2024-01-22,3.68,9891.0
a-2709-s,1154.0,1898.959773783306,316.493295630551,3.646206778885728,Verde,6.0,0.9245096144894345,2024-09-30,12.0,21423.0
hy039,42.0,87.62508365070767,14.604180608451278,2.8758888380012957,Verde,6.0,1.1210870313282597,2024-01-22,11.87,1062.0
t023,0.0,263.4431612443967,43.907193540732784,0.0,Rojo,6.0,1.0783036413370615,2024-01-22,6.18,2198.0
48040,870.0,1206.666579843748,301.666644960937,2.8839781080624833,Verde,4.0,0.3992783211591535,2024-09-16,1.715381917119026,23020.0
efg-15010,361.0,1379.289554190832,229.88159236513866,1.5703736705747011,Verde,6.0,0.9317872577884578,2024-08-29,2.85,13000.0
48042,257.0,478.2203927381775,119.55509818454438,2.1496364764244236,Verde,4.0,0.424491095080726,2024-02-28,1.6716191985368727,12510.0
mi-013,0.0,174.4660108020349,29.077668467005818,0.0,Rojo,6.0,0.6144837708638464,2023-12-07,8.5,2190.0
sk009,0.0,580.3292807522014,96.72154679203356,0.0,Rojo,6.0,1.11588312870533,2024-01-22,3.99,4740.0
ef-5102,843.0,2621.698226196587,436.9497043660978,1.9292838319297578,Verde,6.0,1.0943068945587737,2024-09-26,5.93,13180.0
48531-36160,127.0,194.2827601253633,32.380460020893885,3.922118460270537,Verde,6.0,0.7735460559844645,2024-09-19,5.9,3096.0
a-1050,77.0,241.2818172392747,40.21363620654578,1.914773376983659,Verde,6.0,0.8304802003188941,2024-08-29,9.26,1788.0
48540-0d570,0.0,593.0121068056366,98.83535113427276,0.0,Rojo,6.0,0.9647947816037407,2024-02-29,6.4,5847.0
48530-52051,0.0,63.05865004432294,10.509775007387157,0.0,Rojo,6.0,0.7819182867036311,2024-02-29,6.6,5384.0
n019,8.0,295.2574029381464,49.209567156357735,0.16257001356221892,Rojo,6.0,0.8729762177142519,2024-01-22,4.83,1946.0
a-58410-s,141.0,188.5008127467874,31.416802124464567,4.488044309583054,Verde,6.0,0.6281100013781904,2024-08-29,34.99,1582.0
a-1081,104.0,950.3956003393811,158.39926672323017,0.6565686960010895,Rojo,6.0,2.4884306561616816,2024-09-17,1.25,5960.0
a-6706-s,0.0,471.5845657252556,78.59742762087593,0.0,Rojo,6.0,0.6322849551550948,2024-04-18,8.3,1890.0
a-5903,0.0,1158.570102401923,193.09501706698714,0.0,Rojo,6.0,1.1344599493154508,2024-08-29,5.3,52920.0
sfc-7939-30b,155.0,122.4359485617319,20.405991426955318,7.595808346525745,Verde,6.0,0.6978717390409065,2024-08-28,16.89,1702.0
48351,2412.0,2843.778914319995,710.9447285799987,3.3926688011564474,Verde,4.0,0.3954767693270597,2024-02-28,0.9856848900675774,257000.0
c-4312/1,0.0,139.1647558322638,34.79118895806595,0.0,Rojo,4.0,0.49009283527530983,2024-04-09,8.104291677474976,12763.0
a-71130-s,35.0,53.5405452969267,8.92342421615445,3.9222611356566497,Verde,6.0,0.973948562421639,2023-11-27,44.84,565.0
18033,466.0,558.126869996973,139.53171749924326,3.339742449615639,Verde,4.0,0.3489517557254009,2024-05-29,15.939012508153915,4440.0
48531-36100,270.0,115.4388189685226,19.239803161420433,14.033407604782713,Verde,6.0,0.7918607887430605,2024-09-19,6.0,3818.0
rxfc113641bep,0.0,265.3326264967115,132.66631324835575,0.0,Rojo,2.0,0.2891708844767616,2024-10-09,3.39,12120.0
c-58270,1095.0,2379.629065218787,396.6048442031312,2.760934506990459,Verde,6.0,0.7712449303797422,2024-08-29,5.2,19152.0
48904,210.0,607.5549757863347,151.88874394658367,1.3825909316483185,Amarillo,4.0,0.4707187763861964,2023-04-18,1.79700650100708,161200.0
wk-723,971.0,2262.783866528538,565.6959666321345,1.7164697245073872,Verde,4.0,0.30837788503667124,2024-09-24,3.1001720988750456,389976.0
dtx-146,611.0,564.7327538707208,94.12212564512014,6.491566098960898,Verde,6.0,0.33915907105839094,2024-05-20,49.69,5680.0
54661-2s000,17.0,127.7648549743447,21.294142495724117,0.7983416098306666,Rojo,6.0,0.7588529389955203,2024-08-22,12.32,997.0
as-7805-s,202.0,315.1018068917068,52.51696781528447,3.846375912457196,Verde,6.0,1.0454361913160806,2024-09-17,10.73,918.0
pu-1046/x,0.0,2518.848116965829,629.7120292414572,0.0,Rojo,4.0,0.3123545335882214,2024-09-12,6.0,25590.0
h80900025,142.0,280.8574498765784,140.4287249382892,1.011189128594604,Naranja,2.0,0.5540440331934796,2024-06-12,3.27,31236.0
18048,402.0,258.0715011173917,64.51787527934792,6.230831351147728,Verde,4.0,0.3234529608308605,2023-04-18,16.43603131292188,1980.0
t019,122.0,154.644153369097,25.77402556151617,4.733447621863198,Verde,6.0,0.9022060820848928,2024-01-22,6.72,1800.0
hy041,0.0,250.981613705057,41.83026895084283,0.0,Rojo,6.0,1.2280765990972653,2024-01-22,4.83,1882.0
54303-54y00,168.0,352.3477836465893,58.72463060776488,2.8608098213867037,Verde,6.0,0.723552248829118,2024-09-19,9.9,5419.0
c-1514,356.0,1026.248117462107,171.04135291035118,2.081368008043015,Verde,6.0,0.8835550230411582,2024-09-17,1.62,14650.0
17181,46750.0,36012.91257950562,9003.228144876404,5.192581954796369,Verde,4.0,0.4052452621701639,2024-09-16,0.1832919398188591,4373000.0
c-23610,100.0,491.9472177526828,122.9868044381707,0.813095359756852,Rojo,4.0,0.2865034051646657,2024-09-12,16.59,10468.0
c-1717,185.0,321.3690818645648,53.561513644094134,3.4539725898952205,Verde,6.0,1.0183261680388904,2024-09-30,2.5,5530.0
t021,0.0,250.9752230349059,41.829203839150985,0.0,Rojo,6.0,0.9712976308866751,2024-01-22,10.29,3496.0
t007,0.0,344.1549648450263,57.35916080750439,0.0,Rojo,6.0,0.843520955521616,2024-01-22,4.2,8474.0
c-1511,20.0,501.6795958702829,83.61326597838048,0.2391964931159526,Rojo,6.0,0.7690433733702988,2024-09-17,2.1,9750.0
ca-11380,1089.0,12859.6875497684,2143.281258294733,0.5080994366863661,Rojo,6.0,2.0596659066157446,2024-09-30,1.0,43620.0
h-601/10,72.0,1888.8342232164,472.2085558041,0.1524750009609522,Rojo,4.0,0.32903876561502543,2024-09-12,1.81,26013.0
ni-049,0.0,221.1586186267072,36.85976977111787,0.0,Rojo,6.0,0.5712112982875965,2024-06-21,5.82,1320.0
t005,0.0,431.7719325579042,71.96198875965071,0.0,Rojo,6.0,1.0195668381916323,2024-01-22,3.9,7905.0
17638,16250.0,13593.19256900421,3398.2981422510525,4.781805280108798,Verde,4.0,0.3890076620075568,2024-09-16,0.3451831873297691,233110.0
tkl49011,3.0,603.218070977376,150.804517744344,0.019893303230383606,Rojo,4.0,0.4416131060882723,2022-10-20,7.25,14100.0
tkl49011,238.0,603.218070977376,150.804517744344,1.5782020562770993,Verde,4.0,0.4416131060882723,2022-10-20,7.25,14100.0
48750,920.0,959.4607733739279,239.86519334348196,3.835487705306952,Verde,4.0,0.40556365222780966,2024-09-16,2.826776419723034,29500.0
rov2050100,476.0,1223.647000583562,305.9117501458905,1.5560043044211076,Verde,4.0,0.6422710839821643,2023-12-27,7.9975,30456.0
ef-1003,0.0,8777.351367145724,1462.8918945242874,0.0,Rojo,6.0,1.6274956387989392,2024-09-17,2.0,104000.0
17631,5440.0,5019.796666093991,1254.9491665234978,4.334836936120744,Verde,4.0,0.41943229374039476,2024-09-16,0.5289186648130417,153210.0
a-22380-s,329.0,197.2750451588926,32.87917419314876,10.006334041946703,Verde,6.0,0.990276656488248,2023-12-05,35.86,1833.0
884656,954.0,722.0219840042417,240.67399466808058,3.963868224797967,Verde,3.0,0.7520994229090604,2024-08-07,5.161667,18900.0
c-1008,453.0,1365.214740984964,227.53579016416066,1.9908955847041614,Verde,6.0,1.059329094621045,2024-08-28,3.07,39450.0
hu-12110x,165.0,497.8028153280474,124.45070383201185,1.3258261698762515,Amarillo,4.0,0.2712236621008816,2024-09-24,7.667092287540436,15711.0
t020,0.0,294.6302826060963,49.10504710101605,0.0,Rojo,6.0,0.8819146209254838,2024-01-22,6.2,2726.0
hy023,0.0,357.0180276439297,59.50300460732162,0.0,Rojo,6.0,1.1157268854183013,2024-01-22,5.36,3183.0
paw68r500,194.0,155.9944101145254,77.9972050572627,2.487268612478771,Verde,2.0,0.5402146014503646,2024-09-21,20.55,13820.0
pra300500,254.0,55.21154398729928,27.60577199364964,9.200974349075603,Verde,2.0,0.5533003542509499,2024-06-11,35.0,2975.0
48530-52b00,0.0,282.5049969016355,47.08416615027258,0.0,Rojo,6.0,0.8662023013152034,2024-08-22,6.9,10314.0
n006,456.0,1217.771178245408,202.96186304090133,2.2467275042114974,Verde,6.0,0.990715776355329,2024-09-20,4.3,10444.0
17643,26980.0,31405.46094407754,7851.365236019385,3.4363450417801182,Verde,4.0,0.36496507269705336,2024-09-16,0.2397321076154709,2072800.0
k16tr11,2438.0,2471.771564555768,823.9238548519226,2.95901130382754,Verde,3.0,0.3716670300571978,2024-08-26,1.49,853630.0
e6210-9km0a,522.0,129.3277282447487,21.554621374124782,24.21754439289916,Verde,6.0,0.576909920051576,2022-09-23,6.8,1553.0
sfc-7912-30,708.0,2808.329856840312,468.054976140052,1.5126428220862485,Verde,6.0,0.7063849059821202,2024-09-30,5.81,30744.0
c-5816,296.0,1041.549340012461,173.5915566687435,1.705152057394374,Verde,6.0,1.0621808906382904,2024-08-29,4.71,15780.0
48680,2572.0,1037.928361756168,259.482090439042,9.912052102124632,Verde,4.0,0.542771311929066,2022-06-21,4.483627716502189,56480.0
wdk-11102/28,102.0,997.8935897432737,249.4733974358184,0.4088612294873699,Rojo,4.0,0.30760152021507586,2024-09-24,8.889382362365723,8870.0
3330084,203.0,274.9185506820416,45.81975844700693,4.430403102949149,Verde,6.0,0.7513946228391165,2024-09-19,10.9,1276.0
a-28550,217.0,611.6075396236507,101.93458993727512,2.1288161372261345,Verde,6.0,1.2318972171599103,2024-09-17,2.13,14200.0
17948,2050.0,6355.929471204611,1588.9823678011528,1.2901338879151991,Amarillo,4.0,0.36010789904001683,2024-05-29,0.9064568654298782,69800.0
ef-13070,544.0,3109.08197068884,518.18032844814,1.0498275795786873,Naranja,6.0,1.104417004222495,2024-09-17,2.75,32300.0
48901,21840.0,24645.11297223782,6161.278243059455,3.5447189914856194,Verde,4.0,0.3352655949225285,2024-09-16,1.6327730271220207,1486190.0
c-1122,1246.0,3440.537229348743,573.4228715581238,2.1729164667156144,Verde,6.0,0.8963541569789939,2024-09-17,2.0,8592.0
wk-1060/2,1124.0,1309.06173916106,327.265434790265,3.4345209744510274,Verde,4.0,0.3809480031378248,2024-09-12,11.99,34012.0
t010,74.0,913.3652675261022,152.2275445876837,0.4861143901416323,Rojo,6.0,0.8477711371213323,2024-09-20,3.7,9459.0
hu-931/5x,119.0,525.5855255645384,131.3963813911346,0.9056565998249705,Rojo,4.0,1.26856258084349,2024-09-12,3.06,6582.0
a-5570-s,548.0,1868.542500364869,311.4237500608115,1.759660269626168,Verde,6.0,1.0373296046718907,2024-09-30,3.91,15950.0
m25600025,120.0,99.40289191319255,49.701445956596274,2.414416677228962,Verde,2.0,0.5994116020464078,2024-03-30,3.06,16284.0
bdd021,103.0,692.3651191683804,115.3941865280634,0.8925926261887622,Rojo,6.0,0.7681060582680341,2024-07-24,18.01,3410.0
c-5710,153.0,306.7113308884413,51.11855514807355,2.9930423416078487,Verde,6.0,0.983720641269415,2024-02-28,9.75,4044.0
fc-1806,3645.0,5762.298471027398,960.3830785045662,3.795360498933103,Verde,6.0,0.9219851824860158,2024-09-17,1.92,92350.0
wk-1060,342.0,913.4334239719966,228.35835599299915,1.4976460945028207,Amarillo,4.0,0.28966843542587334,2024-09-12,11.92,37055.0
f-1507,1388.0,2423.442955871501,403.9071593119168,3.4364332693794086,Verde,6.0,1.2310241828764186,2024-09-17,1.1,28500.0
d001,1694.0,2164.663137472483,360.77718957874714,4.695418803993563,Verde,6.0,0.7046600451837709,2024-09-20,2.9,29851.0
54660-4h600,195.0,201.9862680130113,33.664378002168554,5.792472981007958,Verde,6.0,0.7637170474938546,2024-09-19,11.7,1219.0
n009,392.0,780.6231652253005,130.1038608708834,3.0129774579789403,Verde,6.0,0.8353002928187423,2024-01-22,4.41,8919.0
hy047,154.0,146.1027313159665,24.350455219327753,6.3243170861859355,Verde,6.0,1.1112277390393188,2024-01-22,10.61,1266.0
b20500100,340.0,239.2795524633318,119.6397762316659,2.8418642253362036,Verde,2.0,0.34748783184115883,2024-06-12,12.99,4686.0
c-7971,1397.0,4972.571015967974,828.7618359946623,1.6856471175743153,Verde,6.0,1.2222004796784853,2024-09-17,1.2,41900.0
3340047,0.0,182.7650833921483,30.46084723202472,0.0,Rojo,6.0,0.7461885272661368,2024-02-29,9.9,1267.0
a-38050-s,67.0,185.5828980050434,30.930483000840567,2.1661478741919162,Verde,6.0,0.7136968222026314,2023-12-04,25.9,2702.0
ac-7901,168.0,1207.610073341296,201.26834555688265,0.834706518479925,Rojo,6.0,0.6461506044693583,2024-09-17,10.67,10236.0
4060a397,75.0,246.228225903368,41.038037650561336,1.8275727664812969,Verde,6.0,0.8039404995860933,2024-08-22,9.86,992.0
c-1109,3296.0,33319.50876021287,5553.251460035478,0.5935261573728453,Rojo,6.0,0.8036051764782968,2024-08-29,0.88,144800.0
t022,16.0,387.7323049048965,64.62205081748276,0.24759350403765557,Rojo,6.0,1.1715129786901541,2024-01-22,5.57,1686.0
7246302l,119.0,31.7168209104082,5.286136818401366,22.511713958245217,Verde,6.0,0.782905341974421,2024-09-19,10.9,1134.0
c-20500,64.0,304.6668242754386,76.16670606885965,0.8402621473763069,Rojo,4.0,0.42496185058637664,2024-09-12,14.35,6862.0
fs-19130,31.0,252.2187143615092,42.03645239358487,0.737455190313131,Rojo,6.0,1.0779446345058101,2024-04-18,5.44,6494.0
17141,1530.0,9598.032449011653,2399.508112252913,0.6376306844670233,Rojo,4.0,0.41244002441670785,2024-09-16,0.15778852411508562,1048000.0
f-11140,1296.0,8927.038259344294,1487.8397098907155,0.8710615742976732,Rojo,6.0,1.7530710989566047,2024-10-02,2.5,73500.0
w-1135/3,360.0,260.8249744266189,65.20624360665472,5.52094370244109,Verde,4.0,0.3060624781273856,2024-02-03,10.28,12504.0
ptracto500usr,0.0,522.586887131136,130.646721782784,0.0,Rojo,4.0,0.6937356934081031,2023-12-27,25.99,6120.0
48350,760.0,1279.515129427018,319.8787823567545,2.3759000031217665,Verde,4.0,0.38554848051358964,2024-05-29,1.3598480762243272,67800.0
wp-11102/3,264.0,788.1846603021853,197.04616507554633,1.3397875563768722,Amarillo,4.0,0.3331988410229507,2024-09-24,7.733762655258179,34138.0
54660-b4000,243.0,131.7235100897866,21.953918348297766,11.068639144266537,Verde,6.0,0.8193081741399821,2024-09-19,10.3,1290.0
d004,0.0,109.9838447418034,18.330640790300567,0.0,Rojo,6.0,0.8882009869221236,2024-01-22,6.09,4484.0
54303-5m400,0.0,75.63458684699317,12.605764474498862,0.0,Rojo,6.0,0.6825013825034031,2024-02-29,9.9,5266.0
ef-18050,608.0,2266.704150741712,377.7840251236187,1.6093851501557006,Verde,6.0,0.9577952943054551,2024-09-17,3.7,16200.0
48540-02120,59.0,91.56841412522934,15.26140235420489,3.8659618972527814,Verde,6.0,0.7655356622247479,2024-09-19,11.3,1356.0
vx959,92.0,52.79776262893364,17.599254209644545,5.227494239476534,Verde,3.0,0.4739588209067698,2024-08-07,700.0,1523.0
p00100500,556.0,424.1391268887971,212.06956344439854,2.6217812257899746,Verde,2.0,0.47102838940692976,2024-09-21,30.0,12876.0
w-1168/5,227.0,167.3554761285644,41.8388690321411,5.4255768679028105,Verde,4.0,0.35670613555866876,2024-02-03,9.22,54546.0
17177,111860.0,116547.3688368372,29136.8422092093,3.8391257088472113,Verde,4.0,0.4333308527359611,2024-09-16,0.11698305898904801,478920.0
c-38090,285.0,703.6243811067613,117.27073018446022,2.4302739443313017,Verde,6.0,0.8947794730245308,2024-09-30,5.72,4236.0
a-88230-s,38.0,361.5560993146073,60.25934988576788,0.630607533470501,Rojo,6.0,0.932085432229706,2023-12-04,6.52,2619.0
48510-20010,0.0,358.3718124680884,59.72863541134807,0.0,Rojo,6.0,0.8343546372343891,2024-08-22,6.95,6574.0
cf-600/1,120.0,545.8823293566575,136.47058233916437,0.8793103828176628,Rojo,4.0,0.391854422401353,2024-09-12,8.88,7448.0
48607,439.0,238.7042538913934,59.67606347284835,7.356383354604781,Verde,4.0,0.520540578112569,2024-09-16,6.9178569518566135,10880.0
t009,0.0,281.9420958564676,46.990349309411265,0.0,Rojo,6.0,0.9525736102794683,2024-01-22,5.15,7692.0
v002,30.0,406.4359109778023,67.73931849630038,0.4428742518518025,Rojo,6.0,0.7087490177341762,2023-07-15,5.78,5422.0
hy044,0.0,239.440614774568,39.90676912909466,0.0,Rojo,6.0,0.687259403822051,2024-01-22,5.57,2038.0
18038,486.0,231.1460532127625,57.786513303190624,8.410266898265448,Verde,4.0,0.3326814243033472,2024-05-29,15.939012508153915,2466.0
c-281012,100.0,136.6521656939957,34.163041423498925,2.9271398515243248,Verde,4.0,0.371273728841407,2024-09-12,35.04,2010.0
paw68a5500,30.0,17.45267858858274,8.72633929429137,3.437867700104844,Verde,2.0,0.6888784646590267,2024-09-21,205.0,536.0
t002,0.0,256.6452929467614,42.7742154911269,0.0,Rojo,6.0,1.1103722660408772,2024-01-22,4.31,4289.0
54650-24120,132.0,147.0617030970045,24.510283849500752,5.385494546310148,Verde,6.0,0.6928539788064301,2024-08-22,9.55,3575.0
ef-10080,1444.0,869.1360993717587,144.8560165619598,9.968519321959628,Verde,6.0,1.1133380391007703,2024-09-17,3.45,9250.0
eo-28090,897.0,3861.556163484455,643.5926939140758,1.3937386307865016,Amarillo,6.0,1.2558183296314704,2024-09-17,2.0,42700.0
a-5549-s,330.0,417.5748288743105,69.59580481238508,4.741665117453661,Verde,6.0,1.3560318317407245,2024-09-30,16.69,4042.0
98015,653.0,1560.970347718928,390.242586929732,1.673318140743006,Verde,4.0,0.49703871533173927,2024-09-16,6.570677845036984,84740.0
to-007,0.0,126.3580249444196,21.059670824069933,0.0,Rojo,6.0,0.6297773326169674,2023-12-07,6.75,2630.0
k16r-u11,4972.0,4356.68166118362,1452.2272203945402,3.4237066556631617,Verde,3.0,0.42491993210252743,2024-08-26,0.99,379128.0
dt-064,284.0,77.31614720183464,12.886024533639107,22.039380668461007,Verde,6.0,0.438318103931744,2024-01-11,27.83,1810.0
485310r010,0.0,203.6540508704341,33.94234181173902,0.0,Rojo,6.0,0.6283128238878123,2024-08-22,6.96,2111.0
48728,14110.0,9695.91596660587,2423.9789916514674,5.821007545278598,Verde,4.0,0.49901631708012706,2024-09-16,3.2968154595851895,368800.0
a-5558-s,126.0,295.0550642779612,49.175844046326866,2.5622336015483484,Verde,6.0,1.1189751590792776,2024-08-29,23.88,2290.0
ef-15130,2339.0,8237.43319288382,1372.9055321473033,1.7036860477513476,Verde,6.0,1.052731630400159,2024-09-30,4.5,125500.0
18036,361.0,152.1587629078322,38.03969072695805,9.490087671616262,Verde,4.0,0.34805124843948904,2024-05-29,15.939012508153915,1338.0
opt-116,42.0,114.1476021587586,19.0246003597931,2.2076679249864024,Verde,6.0,0.6007263603349765,2024-07-15,47.19,734.0
c-1314,3016.0,6601.755910533737,1100.2926517556227,2.7410889231948263,Verde,6.0,0.867225325693919,2024-09-30,4.5,71874.0
55311-38601,0.0,77.94624824596568,12.991041374327613,0.0,Rojo,6.0,0.5720902632306096,2022-03-18,8.3,5025.0
r20500025,2.0,291.6896895714359,145.84484478571795,0.013713203253351144,Rojo,2.0,0.5616344564581236,2024-06-12,3.17,113244.0
18032,3004.0,2044.593604877805,511.1484012194513,5.876962527581678,Verde,4.0,0.23573141062863767,2024-09-16,20.025725548267364,12216.0
ef-1002,114.0,799.6995946640184,133.2832657773364,0.8553211788076148,Rojo,6.0,0.7535090929887587,2024-09-17,3.45,15540.0
wk-962/13,0.0,127.4390199754706,31.85975499386765,0.0,Rojo,4.0,0.39013147382234953,2024-01-25,12.38,5982.0
a-1126,34.0,338.9565085799445,56.492751429990754,0.6018471244427679,Rojo,6.0,1.390899198569478,2024-08-29,3.57,3618.0
fc-2801,679.0,1287.636592560335,214.60609876005583,3.1639361785294278,Verde,6.0,0.7709055639246011,2024-09-17,2.8,19818.0
pgcr5003,0.0,10.44189218002493,5.220946090012465,0.0,Rojo,2.0,0.42498507401351426,2021-12-20,31.0,10190.0
4106961j00,0.0,502.6572961821602,83.77621603036003,0.0,Rojo,6.0,0.7481197579811945,2024-08-22,10.15,3032.0
cv-15,0.0,580.1570371697918,96.69283952829863,0.0,Rojo,6.0,0.6668265655993904,2024-06-21,6.22,6190.0
48541-09210ref,0.0,53.75812731824785,8.959687886374642,0.0,Rojo,6.0,0.604208149456505,2022-09-23,8.6,701.0
h-12110/2x,106.0,362.3229660082381,90.58074150205952,1.170226675585228,Naranja,4.0,0.1959573889128684,2024-04-09,9.158066868782043,13120.0
fc-5723,279.0,694.5509017583194,115.75848362638656,2.410190521331288,Verde,6.0,0.7918370807886904,2024-09-17,1.55,14750.0
by-001,286.0,238.9347207336278,39.82245345560464,7.181877940264079,Verde,6.0,0.3866667804595742,2021-06-10,8.15,2850.0
a-5301-s,0.0,182.7337021058944,30.455617017649065,0.0,Rojo,6.0,0.8214366869951434,2023-12-04,16.41,1821.0
c-1147,827.0,3223.432229225989,537.2387048709982,1.5393529775532078,Verde,6.0,0.7464918119792446,2024-08-29,1.24,12450.0
cf-1652,29.0,77.24915344308688,19.31228836077172,1.5016345788884626,Verde,4.0,0.3465620787479239,2023-04-12,28.18,2460.0
c-1515,1384.0,4346.500687467767,724.4167812446279,1.9105024011483214,Verde,6.0,0.7937222418521727,2024-08-28,5.4,47269.0
a-5541-s,52.0,6688.555516855746,1114.759252809291,0.04664684313582098,Rojo,6.0,1.0814121529370504,2024-09-30,6.77,43434.0
wk-962/7,279.0,521.7639438893873,130.44098597234682,2.1388982758773945,Verde,4.0,0.5203600826030433,2024-02-09,6.822002602815628,38253.0
t1081,184.0,123.3080358049048,20.551339300817467,8.95318778531777,Verde,6.0,0.8126865359754176,2024-06-11,9.565199999999999,1324.0
44209,1770.0,319.2684093790847,319.2684093790847,5.543924635206809,Verde,1.0,0.4382668790839588,2023-04-18,2.28,67592.0
17632,2650.0,1479.381780217364,369.845445054341,7.165155162612963,Verde,4.0,0.40436452340772755,2024-09-16,0.7220793176651001,89560.0
ef-1509,5017.0,14914.25930776316,2485.7098846271933,2.018336906904343,Verde,6.0,1.3646061905523308,2024-09-30,2.25,181400.0
17171,37830.0,34847.77854558561,8711.944636396402,4.342314096207108,Verde,4.0,0.3435564188984472,2024-09-16,0.16022798126935958,2060200.0
a-3301,1276.0,2060.057641800563,343.34294030009386,3.7164008640595054,Verde,6.0,1.5784290066843802,2024-09-30,1.35,43340.0
48076,613.0,514.1384316189258,128.53460790473144,4.769143579247928,Verde,4.0,0.5317718518657046,2024-09-16,5.184955296993256,7704.0
884527,271.0,446.5462963835284,148.84876546117613,1.8206398901621008,Verde,3.0,0.6223680375523318,2024-05-04,4.988333,9456.0
48531-09840ref,67.0,678.8013587879371,113.13355979798952,0.5922203819948274,Rojo,6.0,1.213343791533553,2024-08-22,9.29,1122.0
ctx-064,189.0,108.8502073211823,18.14170122019705,10.41798658824716,Verde,6.0,0.5440538568612544,2024-04-16,29.78,6271.0
ca-2807,1151.0,1467.954295705676,244.65904928427935,4.704506141780213,Verde,6.0,1.7484731646747353,2024-09-17,1.1,28220.0
48510-0d591,0.0,1256.816951636862,209.46949193947702,0.0,Rojo,6.0,0.9415092066791891,2024-02-29,10.3,11059.0
dtx-116,247.0,942.2583982169501,157.0430663694917,1.5728169712304088,Verde,6.0,0.43507916925605716,2024-05-20,46.18,7050.0
rxfc113641b,2242.0,177.6742206563721,88.83711032818606,25.237200891806392,Verde,2.0,0.21662763874136837,2023-04-29,5.1,22380.0
a-1331-s,499.0,3182.138061470288,530.3563435783814,0.940876838831009,Rojo,6.0,1.0017765409755346,2024-09-30,12.0,36469.0
wk-1060/1,8207.0,10381.58766278026,2595.396915695065,3.162136762346467,Verde,4.0,0.17591001874970116,2024-09-12,12.21,347594.0
c-1814,320.0,2140.309501275968,356.71825021266136,0.897066521853672,Rojo,6.0,0.7672590610289248,2024-09-17,1.17,39141.0
xu22epr-u,204.0,1959.64749833698,653.2158327789933,0.31230106461461205,Rojo,3.0,0.38004626522762613,2024-08-26,1.71,68778.0
sfc-5304-10,285.0,691.5923502053969,115.26539170089949,2.4725548214813897,Verde,6.0,0.7592523322013909,2024-09-17,7.8,4056.0
a-1517,205.0,2095.434104655094,349.23901744251566,0.5869905416102105,Rojo,6.0,1.5217589073844495,2024-09-30,2.6,40633.0
a-6709-s,0.0,175.0213737827542,29.17022896379237,0.0,Rojo,6.0,1.0947942654798686,2024-08-28,15.42,1292.0
o-1012-s,0.0,256.0449345968354,42.67415576613923,0.0,Rojo,6.0,1.511565815050754,2023-12-05,5.22,1696.0
wk-1030,344.0,234.0438615787719,58.510965394692974,5.879239860075891,Verde,4.0,0.3125020669549147,2024-02-03,9.84,6342.0
eo-1801,231.0,596.8666502680759,99.47777504467932,2.3221267252534443,Verde,6.0,1.5583624670112735,2024-09-17,1.4,14700.0
sk014,346.0,157.0825287260733,26.18042145434555,13.215982813850742,Verde,6.0,0.9675497345536631,2024-01-22,9.35,1754.0
sf-1307,952.0,3551.792095720155,591.9653492866925,1.6082022387748587,Verde,6.0,1.0325208578030496,2024-09-30,2.5,36825.0
c-1110,523.0,4327.734489529253,721.2890815882088,0.7250906929693218,Rojo,6.0,0.8765032305222127,2024-09-17,1.14,68200.0
48078,284.0,311.9218409732205,77.98046024330513,3.6419379818213153,Verde,4.0,0.3726826282680944,2024-09-16,5.554533055865765,15152.0
a-58370,928.0,5281.328547529111,880.2214245881852,1.054280177779322,Naranja,6.0,1.0151602229350185,2024-09-30,1.24,62174.0
rov1030100,0.0,85.56295252849499,21.390738132123747,0.0,Rojo,4.0,0.7044689175595252,2023-12-27,7.7475,24408.0
sfc-7939-30,1035.0,734.7083895950174,122.45139826583623,8.452333045254932,Verde,6.0,0.7310124542176288,2024-08-29,11.05,8094.0
p1540ci5500,50.0,110.8497624828275,55.42488124141375,0.9021219149250923,Rojo,2.0,0.5950587001446864,2024-09-21,295.0,2578.0
n008,0.0,498.318980660642,83.05316344344034,0.0,Rojo,6.0,0.8442599740675943,2024-01-22,3.5,6943.0
a-7101-s,322.0,243.1213686935113,40.52022811558522,7.946648253842128,Verde,6.0,0.8541948429664502,2024-09-30,31.71,4053.0
fc-1702,335.0,407.9289850878135,67.98816418130225,4.9273282200511295,Verde,6.0,1.0322822478690734,2024-09-17,1.62,12900.0
18057,342.0,138.929651833399,34.73241295834975,9.846710057551082,Verde,4.0,0.4007894738945501,2023-09-21,15.191222023963928,1854.0
17925,26970.0,29266.30039870752,7316.57509967688,3.686150915226862,Verde,4.0,0.3631473058955844,2024-09-16,0.35438659386634824,2049800.0
dt-611u,2.0,211.8561600791039,35.30936001318398,0.056642204765343526,Rojo,6.0,0.4176961822109756,2024-07-15,19.24,2030.0
sfc-31010-10,0.0,121.4852608468427,20.247543474473783,0.0,Rojo,6.0,1.0592168837168032,2023-12-05,11.05,882.0
ctx-071,860.0,463.7572758907842,77.29287931513069,11.126510069494179,Verde,6.0,0.4937351636513291,2024-07-30,24.05,9703.0
fc-2904,4322.0,13916.37885638316,2319.39647606386,1.8634157827706392,Verde,6.0,0.9498235320956382,2024-09-30,2.5,179425.0
a-5573-s,47.0,69.64100284192675,11.606833806987792,4.049338586351091,Verde,6.0,1.0154768053251833,2024-09-17,20.63,852.0
fc-1814,580.0,553.405126911752,92.23418781862533,6.288340730451768,Verde,6.0,1.1003052326370741,2024-08-29,3.25,13850.0
a-1841-s,320.0,210.5557082378728,35.092618039645465,9.118726896878535,Verde,6.0,0.9423854063914036,2024-09-17,18.84,3473.0
eo-2404,810.0,2258.167681121216,376.36128018686935,2.1521873865393966,Verde,6.0,1.4483343438645053,2024-09-17,1.8,13150.0
17037,4270.0,8384.374487811032,2096.093621952758,2.0371227483732297,Verde,4.0,0.45001693925036645,2024-05-29,0.1055887142419815,517200.0
sk008,152.0,310.9078672466582,51.81797787444304,2.933344878264101,Verde,6.0,1.0639165981001577,2024-01-22,3.99,3174.0
vv975,345.0,473.386291072175,157.79543035739167,2.1863751010951824,Verde,3.0,0.8304014828914233,2024-08-07,6.754167,16092.0
a-33411,887.0,1555.516740275132,259.2527900458553,3.421371086664533,Verde,6.0,0.9410505907056173,2024-09-30,2.4,9600.0
dtx-099l,165.0,388.2529802197039,64.70883003661731,2.5498838397577286,Verde,6.0,0.5305214051961321,2024-10-07,27.49,4010.0
t1082,211.0,89.97902699488358,14.996504499147264,14.069945433750775,Verde,6.0,0.828193224538533,2024-06-11,9.565199999999999,1320.0
c-271340,61.0,324.0639700776492,81.0159925194123,0.7529377608425121,Rojo,4.0,0.2615909466921632,2024-09-12,32.5,22159.0
48510-52031,24.0,1225.342728284942,204.22378804749033,0.11751814139506131,Rojo,6.0,0.8877693782812074,2024-09-19,9.9,9774.0
t004,656.0,751.16975768714,125.19495961452333,5.239827561906895,Verde,6.0,0.9794130937799266,2024-09-20,4.1,11084.0
opt-025,0.0,442.0365062224652,73.67275103707753,0.0,Rojo,6.0,0.5521025246413019,2024-05-20,43.38,6307.0
w16ex-u,856.0,1281.926225250799,427.30874175026634,2.003235404204006,Verde,3.0,0.3729472804329875,2024-08-26,0.9,197968.0
ca-10150,444.0,624.853680109226,104.14228001820435,4.263398111913697,Verde,6.0,1.3289255452088036,2024-08-29,1.92,4560.0
op-001,0.0,285.9365044214294,47.65608407023823,0.0,Rojo,6.0,0.608453848221496,2024-06-21,6.22,2510.0
a-5441-s,415.0,939.4714437610835,156.5785739601806,2.6504264887834426,Verde,6.0,0.8518577555800014,2024-09-26,23.72,6670.0
ef-1802,3772.0,5654.282706228325,942.3804510380542,4.002629719074768,Verde,6.0,1.469241819412057,2024-09-30,2.6,51125.0
