articulo,stock,demanda_estimada,demanda_mensual,meses_proteccion,index_riesgo,riesgo,LT_meses,mean_margen,ultima_fecha,monto_usd,ultima_compra,costo_compra,fuente_suministro,hierarchy,compra_sugerida
884544,0.0,2950,989.073591283434,0.08797973551247817,0.0,Rojo,3.0,0.38298083430581253,,,,,valvoline - usa,12,2968
ni-022f3,114.0,450,74.8051054150572,0.18415573632017693,1.5239601544235433,Verde,6.0,0.654376284748331,2024-10-24,7.1,100.0,3195.0,ito koyama - palieres,5,449
wk-1050/1,0.0,850,215.91891733578316,0.2887081935803303,0.0,Rojo,4.0,0.42090760207214656,2024-09-12,10.97,504.0,9324.5,mann - brasil,4,864
a-5570-s,119.0,1150,193.20134424171215,0.3578484183877064,0.6159377434306066,Rojo,6.0,1.0378760554321438,2024-10-16,3.91,100.0,4496.5,sakura filter,1,1160
48540-0d570,0.0,100,18.830178428654232,1.5468159978441005,0.0,Rojo,6.0,0.9632218052991828,2024-02-29,6.4,500.0,640.0,ito koyama - amortiguadores,7,113
a-58410-s,96.0,200,32.05535195982825,0.13103292512245607,2.9948197143586865,Verde,6.0,0.630020481305218,2024-08-29,34.99,200.0,6998.0,sakura filter,1,193
efg-15010,97.0,1450,244.19811162081416,0.19610071428897294,0.39721846887423773,Rojo,6.0,0.9313840795681189,2024-08-29,2.85,300.0,4132.5,sakura filter,1,1466
ki-001,90.0,250,38.772199885622236,0.41518640523075867,2.3212507999416974,Verde,6.0,0.645272888537341,2024-10-24,7.5,100.0,1875.0,ito koyama - palieres,5,233
paw68a500,1359.0,1600,801.3637474310245,0.05123129365740942,1.6958590956436705,Verde,2.0,0.5302484267251597,2024-09-21,20.55,824.0,32880.0,prextoline - lubricantes,14,1366
t022,0.0,350,59.16904266179652,0.13145008550047907,0.0,Rojo,6.0,1.1645356822737767,2024-01-22,5.57,304.0,1949.5,ito koyama - resortes,17,356
to-841,176.0,150,23.09144254140125,0.5735288710901834,7.621871162204137,Verde,6.0,0.6016891395900206,2024-10-24,11.1,200.0,1665.0,ito koyama - palieres,5,139
a-5573-s,27.0,50,10.30627164247599,0.27747928017771395,2.6197640559679147,Verde,6.0,0.9955594103313663,2024-09-17,20.63,57.0,1031.5,sakura filter,1,62
srb-128,120.0,450,117.04990402681454,0.16955702598149508,1.0252037453401894,Naranja,4.0,0.5382574432843704,2024-07-18,7.48,500.0,3366.0,seco - embragues,16,332
675130,0.0,900,295.1495836037111,0.09315819895595641,0.0,Rojo,3.0,0.650697333929171,,,,,valvoline - usa,12,886
18033,0.0,550,136.58097689943745,0.14581966116393535,0.0,Rojo,4.0,0.3483822307877199,,,,,narva,2,547
17181,0.0,36200,9051.66016726432,0.19464047898667375,0.0,Rojo,4.0,0.40464603915663233,,,,,narva,2,36207
w-1170/7,282.0,300,69.91044369139217,0.1304397630545932,4.033732087938696,Verde,4.0,0.26208232076652205,2024-04-09,12.058664560317993,320.0,3617.599368095398,mann - brasil,4,204
48358,0.0,400,101.46778095361086,0.11471422316051749,0.0,Rojo,4.0,0.42975246214727725,,,,,narva,2,406
cf-500/1,24.0,250,61.28731498914588,0.1394344604686305,0.39159816357186567,Rojo,4.0,0.5604626162501742,2024-09-12,10.48,100.0,2620.0,mann - brasil,4,246
ca-1114,3948.0,9250,1542.1393811860355,0.09060798305662403,2.560079878748479,Verde,6.0,2.483808317586189,2024-10-22,1.0,920.0,9250.0,sakura filter,1,9253
dt5.50r13lt,186.0,4950,826.2700986817523,0.05901546539924102,0.22510798865497866,Rojo,6.0,0.48609027770209745,2024-10-28,26.5,250.0,131175.0,deestone,8,4958
kn47001,312.0,800,202.0158000862822,0.1844926378101835,1.5444336525496662,Verde,4.0,0.4565455771737027,2022-10-20,4.4,4000.0,3520.0000000000005,tkl - taiwan,21,809
t012,486.0,800,132.4657084047495,0.24355584638282918,3.668874049388126,Verde,6.0,0.9056080878627669,2024-09-20,3.65,1008.0,2920.0,ito koyama - resortes,17,795
17629,0.0,2450,614.232644663148,0.20283453860515097,0.0,Rojo,4.0,0.3415666156519076,,,,,narva,2,2457
48520-29285,0.0,100,19.541728754239433,0.21748345132752264,0.0,Rojo,6.0,0.7293243603544856,2024-08-22,11.5,52.0,1150.0,ito koyama - amortiguadores,7,118
884721,0.0,350,123.86904864822121,0.5810722554397884,0.0,Rojo,3.0,0.7648785174737791,,,,,valvoline - usa,12,372
a-38050-s,50.0,150,28.8417299344031,0.15451246281145897,1.733599202049209,Verde,6.0,0.7118325923272698,2023-12-04,25.9,96.0,3885.0,sakura filter,1,174
41700-65j00,102.0,200,30.5469704243089,0.27303731121289804,3.3391200038230195,Verde,6.0,0.776395531514863,2024-09-19,6.2,100.0,1240.0,ito koyama - amortiguadores,7,151
sfc-19140,164.0,350,59.947138058534996,0.170672734919793,2.735743611977994,Verde,6.0,0.9086100034161587,2024-10-16,9.1,204.0,3185.0,sakura filter,1,360
3461-8553skr,237.0,450,78.79013029431322,0.17160757003679056,3.0079909642833247,Verde,6.0,1.0577613311768375,2024-10-16,30.5,200.0,13725.0,sakura - radiadores,13,473
hy017,14.0,350,54.676973563066355,0.17649958606774724,0.2560492852416549,Rojo,6.0,1.1723361866377013,2024-01-22,4.62,296.0,1617.0,ito koyama - resortes,17,329
c-1922,1380.0,1400,237.27278186974533,0.01614860166173345,5.816090615726725,Verde,6.0,1.5355844313109253,2024-09-17,1.6,600.0,2240.0,sakura filter,1,207
op-010,96.0,400,67.20185179689749,0.4689434810533209,1.428532063225556,Amarillo,6.0,0.6083733891263009,2024-10-24,5.7,100.0,2280.0,ito koyama - palieres,5,404
a-5330-s,90.0,250,40.0844901016234,0.17037633360561005,2.245257449248557,Verde,6.0,0.7773063227316618,2024-10-31,15.42,30.0,3855.0,sakura filter,1,241
a-1840-s,42.0,100,19.102224750607917,0.16167707357930416,2.198696777382612,Verde,6.0,0.8685237919076542,2023-11-24,25.45,50.0,2545.0,sakura filter,1,115
48531-36160,121.0,200,32.584030250045615,0.13786967451757817,3.7134755606185523,Verde,6.0,0.7741240105609584,2024-09-19,5.9,150.0,1180.0,ito koyama - amortiguadores,7,196
v002,12.0,400,66.23812300958012,0.1412417304048351,0.1811645538063393,Rojo,6.0,0.7064387180444676,2023-07-15,5.78,160.0,2312.0,ito koyama - resortes,17,398
18057,0.0,150,39.808021474862876,0.3967849272914612,0.0,Rojo,4.0,0.399616516217932,,,,,narva,2,160
hy-012,163.0,250,41.083270676514616,0.2665384534405193,3.967551689918872,Verde,6.0,0.7279640163316425,2024-10-24,10.3,200.0,2575.0,ito koyama - palieres,5,247
adex3h,41.0,0,19.86991248692377,,2.063421267052976,Verde,1.0,0.4035327229352469,2024-09-18,36.63,60.0,0.0,novaquimica - peru,24,0
a-6709-s,196.0,50,10.657781695970312,1.83585709122731,18.390318510099267,Verde,6.0,1.0770114008925855,2024-10-31,15.42,163.0,771.0,sakura filter,1,64
w16ex-u,532.0,1400,458.6630378913417,0.16927927760413938,1.1598928975088505,Naranja,3.0,0.37141693211001875,2024-08-26,0.9,1200.0,1260.0,denso - bujias - japon,23,1376
48328,0.0,18500,4626.227985965543,0.23096931225040124,0.0,Rojo,4.0,0.5274486864224377,,,,,narva,2,18505
p00100500,373.0,450,220.941262499242,0.10840266425919001,1.6882315045216134,Verde,2.0,0.46795581941949105,2024-09-21,30.0,500.0,13500.0,prextoline - lubricantes,14,174
to-2435,0.0,350,61.54326704115642,0.3872308844651593,0.0,Rojo,6.0,0.715744206322099,2024-10-24,6.2,100.0,2170.0,ito koyama - palieres,5,370
vv975,261.0,450,150.69421340195962,0.15546924053560732,1.731984222272771,Verde,3.0,0.8296489433535995,2024-08-07,6.75,204.0,3037.5,valvoline - usa,12,453
c-1514,217.0,1000,169.27260244552866,0.16098044952064272,1.2819558325738498,Amarillo,6.0,0.8766764518987884,2024-09-17,1.62,300.0,1620.0,sakura filter,1,1016
eo-65120,199.0,650,106.32754036890533,0.17825367050110183,1.871575316325064,Verde,6.0,1.2461926807884038,2024-10-16,2.09,200.0,1358.5,sakura filter,1,638
fc-2205,67.0,200,31.185005469445585,0.16651999457961708,2.1484684383219106,Verde,6.0,0.9656905433235865,2023-10-05,5.2,96.0,1040.0,sakura filter,1,188
bdd031,84.0,150,28.0531812167181,0.33384269436627295,2.994312814332115,Verde,6.0,0.7944151476294735,2024-10-30,8.92,100.0,1338.0,ishikawa - discos de freno,15,169
c-1814,1432.0,2150,361.65623968552615,0.1274164353751296,3.959561160192282,Verde,6.0,0.7489006786407421,2024-10-22,1.17,1400.0,2515.5,sakura filter,1,2170
48680,0.0,1050,268.38329408068176,0.1348521159344589,0.0,Rojo,4.0,0.531253111018411,,,,,narva,2,1074
c-1515,574.0,4050,670.8823953625032,0.09261675255195909,0.855589599559914,Rojo,6.0,0.7917730467417164,2024-08-28,5.4,500.0,21870.0,sakura filter,1,4026
sk016,0.0,250,42.6048207067457,0.25488515673974443,0.0,Rojo,6.0,1.0628792326147674,2024-01-22,4.31,200.0,1077.5,ito koyama - resortes,17,256
vw-005,0.0,250,44.37528743673979,0.34597650785529316,0.0,Rojo,6.0,0.6743659093201128,2024-10-24,6.4,100.0,1600.0,ito koyama - palieres,5,267
pcr5050500,99.0,200,49.81086200491828,0.17884498725696468,1.987518304546202,Verde,4.0,0.9052709262600136,2024-06-20,19.99,300.0,3997.9999999999995,prextoline - usa,26,200
mi002,0.0,150,23.081994359173052,0.20402547109028962,0.0,Rojo,6.0,0.7428537156674865,2024-01-22,5.25,60.0,787.5,ito koyama - resortes,17,139
ef-1003,645.0,9350,1558.2793905541175,0.1976083201491837,0.413918071373992,Rojo,6.0,1.6031531530955923,2024-10-22,2.0,2000.0,18700.0,sakura filter,1,9350
ef-13070,247.0,3350,557.0681174936602,0.10450192776962236,0.44339281363164895,Rojo,6.0,1.1396189773540384,2024-09-17,2.75,300.0,9212.5,sakura filter,1,3343
dt155/70r12,200.0,200,35.05527019310825,1.0200536331668746,5.705276236590507,Verde,6.0,0.6148528346926304,2024-10-28,15.0,250.0,3000.0,deestone,8,211
hy-822,36.0,100,20.795942255841368,0.37843574111632894,1.7311069417827398,Verde,6.0,0.6104893985250612,2024-10-24,7.5,50.0,750.0,ito koyama - palieres,5,125
7246302r,106.0,0,3.989987468652,,26.566499477205536,Verde,6.0,0.7749252941815046,2024-09-19,10.9,144.0,0.0,ito koyama - amortiguadores,7,0
rp2050100,571.0,550,284.10889410112594,0.0,2.009792765575152,Verde,2.0,0.3896872337232904,2024-06-12,11.47,1200.0,6308.5,valvoline,9,0
cf-2631,0.0,450,107.05019684937665,0.16965113748109992,0.0,Rojo,4.0,0.3046726423807434,2024-02-09,11.16523648738861,420.0,5024.356419324874,mann - brasil,4,429
zxru1,114.0,400,125.8660585510449,0.1428324779254053,0.9057247149259653,Rojo,3.0,0.6787182860201364,2024-08-07,5.83,216.0,2332.0,valvoline - usa,12,378
54650-b4000,219.0,150,21.394642359817933,0.0,10.236207566213492,Verde,6.0,0.8266173913214554,2024-09-19,10.3,276.0,1545.0,ito koyama - amortiguadores,7,0
k16tr11,2122.0,2200,740.8851428200754,0.06717192399845102,2.864141656185606,Verde,3.0,0.37176865374598383,2024-08-26,1.49,3360.0,3278.0,denso - bujias - japon,23,1977
ch001,0.0,400,68.94830115128072,0.10430266694746483,0.0,Rojo,6.0,1.0759888532382962,2024-01-22,5.46,400.0,2184.0,ito koyama - resortes,17,414
e6210-9km0a,512.0,150,21.637519617045715,0.0,23.662601308361335,Verde,6.0,0.573744311258192,2022-09-23,6.8,1.0,1020.0,ito koyama - amortiguadores,7,0
hy043,0.0,200,30.955842332030084,0.1543496774091994,0.0,Rojo,6.0,0.8919604438370573,2024-01-22,5.46,152.0,1092.0,ito koyama - resortes,17,186
n017,90.0,300,45.85224170768595,0.1976798087399012,1.9628266066850515,Verde,6.0,0.7840225602754429,2024-01-22,5.88,200.0,1764.0,ito koyama - resortes,17,276
54660-b4000,205.0,150,22.164554088229266,0.0,9.24900177030259,Verde,6.0,0.8249025110316168,2024-09-19,10.3,270.0,1545.0,ito koyama - amortiguadores,7,0
48531-09840ref,36.0,450,72.21541472685188,0.12895727597910733,0.4985085266929044,Rojo,6.0,1.181321111742389,2024-08-22,9.29,120.0,4180.5,ito koyama - amortiguadores,7,434
afc11100/1f,14.0,2300,771.1629515780741,0.16447348174886764,0.018154399107673694,Rojo,3.0,0.5238051589789002,2024-06-14,7.19,2268.0,16537.0,prestone - mexico,20,2314
afc11100/1f,14.0,2300,771.1629515780741,0.16447348174886764,0.018154399107673694,Rojo,3.0,0.5238051589789002,2024-06-14,7.19,2268.0,16537.0,prestone - mexico,20,2314
afc11100/1f,162.0,2300,771.1629515780741,0.16447348174886764,0.21007233253165275,Rojo,3.0,0.5238051589789002,2024-06-14,7.19,2268.0,16537.0,prestone - mexico,20,2314
afc11100/1f,162.0,2300,771.1629515780741,0.16447348174886764,0.21007233253165275,Rojo,3.0,0.5238051589789002,2024-06-14,7.19,2268.0,16537.0,prestone - mexico,20,2314
17171,0.0,29350,7337.3337869191,0.22051159357176514,0.0,Rojo,4.0,0.3526009304679782,,,,,narva,2,29350
ac-7901,119.0,1150,191.69245058619651,0.10156370846872095,0.6207860540991436,Rojo,6.0,0.6501340025381794,2024-09-17,10.67,24.0,12270.5,sakura filter,1,1151
a-61530,2028.0,1500,248.26127403926682,0.07282375133061011,8.168813311089496,Verde,6.0,1.9903413584760952,2024-10-31,2.1,640.0,3150.0,sakura filter,1,450
822348,0.0,200,65.97316885170657,0.4521356905437298,0.0,Rojo,3.0,0.7457616712735314,,,,,valvoline - usa,12,198
cf-2135,189.0,250,57.7067443494087,0.08028355718550184,3.275180433947607,Verde,4.0,0.35133958914905933,2024-04-09,7.126562118530273,600.0,1781.6405296325684,mann - brasil,4,84
ni-049,51.0,250,42.285127237003266,0.19906973971285785,1.20609782522708,Amarillo,6.0,0.571181908998677,2024-10-24,6.1,100.0,1525.0,ito koyama - palieres,5,254
a-28640,622.0,550,94.28536498584907,0.09447208792239968,6.5969941368244545,Verde,6.0,1.7201075399836911,2024-10-22,1.4,380.0,770.0,sakura filter,1,365
by-001,269.0,200,35.01888990452968,0.08209253158657599,7.681568454435928,Verde,6.0,0.38345189791378637,2021-06-10,8.15,700.0,1630.0,ito koyama - palieres,5,86
dtx-146,539.0,500,84.84636352479305,0.12928677448118217,6.35265882482398,Verde,6.0,0.33759999011381064,2024-05-20,49.69,1000.0,24845.0,aisin - japon,3,272
54660-4h600,185.0,100,20.25321486183145,0.11817542677837804,9.134352312068984,Verde,6.0,0.7668625650954779,2024-09-19,11.7,200.0,1170.0,ito koyama - amortiguadores,7,29
98015,0.0,1750,441.3379463546495,0.17569408060600078,0.0,Rojo,4.0,0.4883912629594442,,,,,narva,2,1766
dt-628,32.0,50,5.524036415100144,0.6516852676766622,5.792865505471125,Verde,6.0,0.3617819005556381,2023-11-06,46.55,60.0,2327.5,aisin - japon,3,34
ef-1002,352.0,850,140.82455549904353,0.18583197425932085,2.499564076397108,Verde,6.0,0.7315368188866523,2024-10-22,3.45,396.0,2932.5,sakura filter,1,845
a-57270-s,222.0,250,44.03524453851461,0.11009952554632772,5.04141630928907,Verde,6.0,1.0609450176502513,2024-10-16,34.71,26.0,8677.5,sakura filter,1,148
xu22epr-u,64.0,1750,583.397486161621,0.13024546623487018,0.10970222107242644,Rojo,3.0,0.37993609668022504,2024-08-26,1.71,1200.0,2992.5,denso - bujias - japon,23,1751
wk-940/26,38.0,50,17.792992971444377,0.759481905110207,2.1356721750514627,Verde,4.0,0.3990294348634913,2024-09-12,23.07,60.0,1153.5,mann - brasil,4,72
ef-13021,983.0,1000,163.19384499756828,0.10241623437952561,6.023511487303014,Verde,6.0,0.9609334512498822,2024-08-29,4.52,200.0,4520.0,sakura filter,1,322
as-7805-s,150.0,400,68.07061536297711,0.12912232065488616,2.203594006020745,Verde,6.0,1.005671389260118,2024-09-17,10.73,261.0,4292.0,sakura filter,1,330
fc-1806,2966.0,5350,894.5576608263162,0.11175799999900767,3.3156051643001545,Verde,6.0,0.9209172498534153,2024-09-17,1.92,600.0,10272.0,sakura filter,1,5368
24526127r,37.0,50,11.666846844214634,0.7505817669259258,3.1713795933086746,Verde,6.0,0.8102440037076728,2024-09-19,10.1,138.0,505.0,ito koyama - amortiguadores,7,71
a-88230-s,0.0,300,53.14814410104855,0.14907542399360801,0.0,Rojo,6.0,0.9305130444459768,2023-12-04,6.52,189.0,1955.9999999999998,sakura filter,1,319
a-8513,880.0,900,153.63894406532788,0.2443037012938335,5.727714449962768,Verde,6.0,1.1647829537444152,2024-10-31,2.1,400.0,1890.0,sakura filter,1,922
c-1110,1799.0,4450,739.7226191584183,0.1530456218912744,2.43199268672725,Verde,6.0,0.843029176979547,2024-10-22,1.14,2500.0,5073.0,sakura filter,1,4439
ni-080,86.0,150,24.55147739963162,0.1647640005775959,3.5028441914167816,Verde,6.0,0.6170947593984287,2024-10-24,7.0,50.0,1050.0,ito koyama - palieres,5,148
a-1517,232.0,1600,264.6391146666388,0.10740786123942668,0.8766655688530635,Rojo,6.0,1.521502912432185,2024-10-31,2.6,100.0,4160.0,sakura filter,1,1588
98016,0.0,150,39.34921133684575,0.42426524041949043,0.0,Rojo,4.0,0.4538423215950557,,,,,narva,2,158
wk-820/18,144.0,200,46.2090518922538,0.13201623185228017,3.116272550576596,Verde,4.0,0.3719160030400117,2024-04-09,23.976101517677307,50.0,4795.220303535461,mann - brasil,4,96
di1540ci5500,3.0,0,3.199957084655762,inf,0.9375125730233747,Rojo,2.0,0.4575902294150933,2024-03-05,502.66,4.0,0.0,valvoline,9,7
eo-2404,1067.0,1300,216.24050000019952,0.3219205735637795,4.9343208140890145,Verde,6.0,1.449484555560613,2024-10-16,1.8,400.0,2340.0,sakura filter,1,1298
18038,0.0,350,83.73712837993223,0.18133198838743658,0.0,Rojo,4.0,0.33113851273866735,,,,,narva,2,335
54661-2s000,7.0,100,20.422213472191384,0.3208359232251956,0.3427640206352653,Rojo,6.0,0.7656068535973103,2024-08-22,12.32,80.0,1232.0,ito koyama - amortiguadores,7,123
p2560cf500,9.0,0,5.7864133293679,inf,1.555367632367726,Verde,2.0,0.5903428069883209,2024-03-30,39.43,30.0,0.0,prextoline - lubricantes,14,5
c-16400,81.0,400,106.0890884005535,0.240078002456049,0.7635092470035533,Rojo,4.0,0.3587586419508655,2024-09-12,10.75,60.0,4300.0,mann - brasil,4,425
c-5706,325.0,350,61.04279820766458,0.184358258521183,5.324133387436894,Verde,6.0,0.592677569233525,2024-10-31,6.87,288.0,2404.5,sakura filter,1,367
48510-bz750,30.0,50,9.622178304615472,0.6777807089924397,3.117797140135087,Verde,6.0,0.7898504140679158,2024-09-19,10.2,102.0,509.99999999999994,ito koyama - amortiguadores,7,58
c-71060,31.0,350,62.12963850890035,0.16501774306929345,0.49895670961547783,Rojo,6.0,0.9456200209490556,2024-08-29,4.85,198.0,1697.4999999999998,sakura filter,1,360
c-1809,1258.0,1850,311.09557560490583,0.10028034409977664,4.043773356640955,Verde,6.0,0.9004070699300181,2024-10-31,1.07,600.0,1979.5000000000002,sakura filter,1,1867
a-1864,543.0,300,48.09235904730604,0.0,11.29077489141005,Verde,6.0,2.2628114274642672,2024-09-30,2.5,297.0,750.0,sakura filter,1,0
pu-941x,206.0,1150,282.8029634591027,0.22903933975364518,0.7284223527232963,Rojo,4.0,0.5429449666525814,2024-09-24,7.45596945643425,800.0,8574.364874899387,mann - brasil,4,1132
m25600100,253.0,100,41.84893049794055,0.0,6.045554736756069,Verde,2.0,0.5110266452093657,2024-06-12,11.14,240.0,1114.0,valvoline,9,0
884572,0.0,250,76.44351808056287,0.1594448390791036,0.0,Rojo,3.0,0.5701536160627442,,,,,valvoline - usa,12,230
884527,0.0,400,139.61631973638276,0.14717545171409002,0.0,Rojo,3.0,0.617645062978512,,,,,valvoline - usa,12,419
a-71130-s,26.0,50,6.660058774421771,0.18109477039487393,3.9038694523018425,Verde,6.0,0.9757953759308021,2023-11-27,44.84,99.0,2242.0,sakura filter,1,40
sf-1911-2,2260.0,2650,438.7340993049948,0.15391250003586399,5.1511838345369085,Verde,6.0,1.7206278319344153,2024-09-17,1.45,250.0,3842.5,sakura filter,1,2160
4060a397,41.0,200,29.558976724382116,0.09685291340600827,1.3870574878926916,Amarillo,6.0,0.7873238932223305,2024-08-22,9.86,144.0,1972.0,ito koyama - amortiguadores,7,103
ca-1112,507.0,2100,350.5247014530658,0.1758560555220934,1.4464030577539362,Amarillo,6.0,2.0454755891025784,2024-10-22,0.85,500.0,1785.0,sakura filter,1,2104
48040,0.0,750,193.46455703776715,0.3385396470847631,0.0,Rojo,4.0,0.4037953064740422,,,,,narva,2,774
as-5102-s,212.0,200,31.648802285175616,0.02010530427700206,6.698515731803897,Verde,6.0,0.7909814561940395,2024-08-29,28.82,96.0,5764.0,sakura filter,1,20
a-6038-s,874.0,1550,256.91940049525664,0.08509120236330138,3.4018450857164293,Verde,6.0,0.6964696628021801,2024-10-31,18.65,22.0,28907.499999999996,sakura filter,1,1542
a-1876,256.0,650,112.38130535296362,0.14740135995736178,2.2779589469615376,Verde,6.0,1.394645510676646,2024-10-16,2.02,140.0,1313.0,sakura filter,1,675
bdd028,94.0,250,44.17662417401158,0.5220335622379666,2.12782216290983,Verde,6.0,1.3927139358237675,2024-07-24,7.46,50.0,1865.0,ishikawa - discos de freno,15,266
hu-721xkit,27.0,300,70.54142438900172,0.32584486479062946,0.38275382491723026,Rojo,4.0,0.2910348351105862,2024-09-24,5.711428167819976,200.0,1713.4284503459928,mann - brasil,4,283
884656,0.0,650,209.33216707272413,0.16767489223308235,0.0,Rojo,3.0,0.7548852852609432,,,,,valvoline - usa,12,628
a-69130-s,70.0,200,33.57237060487263,0.2632024324119823,2.085047875345458,Verde,6.0,1.0394586944005941,2024-10-22,13.04,20.0,2608.0,sakura filter,1,202
17925,0.0,23400,5843.773133584527,0.2715956944934899,0.0,Rojo,4.0,0.3700303213766173,,,,,narva,2,23376
48607,0.0,250,66.9061441968951,0.28690020639333663,0.0,Rojo,4.0,0.5241781810355097,,,,,narva,2,268
hy009,1196.0,1950,327.99348932286733,0.15154625071783542,3.6464138433634945,Verde,6.0,0.8470788444636769,2024-09-20,4.45,2000.0,8677.5,ito koyama - resortes,17,1968
a-2709-s,1453.0,1900,313.98428410227797,0.061082304317865224,4.627620150334328,Verde,6.0,0.9018949615211933,2024-10-31,12.0,16.0,22800.0,sakura filter,1,1884
48951,0.0,350,89.9937490231322,0.22851586047310493,0.0,Rojo,4.0,0.44895791142051367,,,,,narva,2,360
48510-29277,0.0,150,20.98885375805315,0.14843271529497895,0.0,Rojo,6.0,0.6498436083162302,2024-08-22,11.5,52.0,1725.0,ito koyama - amortiguadores,7,126
a-33740,7008.0,13350,2222.310728216162,0.22768611035910777,3.1534744043760647,Verde,6.0,1.6997394459925244,2024-10-31,3.75,3440.0,50062.5,sakura filter,1,13334
fs-19130,10.0,250,42.79756357714508,0.11752004834305721,0.23365816098326306,Rojo,6.0,1.0816510228552132,2024-04-18,5.44,50.0,1360.0,sakura filter,1,257
48892,0.0,15200,3802.5200060423476,0.15461987946409791,0.0,Rojo,4.0,0.37721037328933077,,,,,narva,2,15211
48728,0.0,17650,4417.818505226677,0.23974208793071042,0.0,Rojo,4.0,0.507436482903868,,,,,narva,2,17672
hy027,438.0,2050,341.8201020276985,0.11011794734106518,1.281375780422966,Amarillo,6.0,0.7876696670770422,2024-09-20,4.95,400.0,10147.5,ito koyama - resortes,17,2051
c-1008,537.0,1350,222.6175172061975,0.11832619474428425,2.412209096297703,Verde,6.0,1.03454336142359,2024-10-31,3.07,300.0,4144.5,sakura filter,1,1336
as-5628-s,81.0,400,62.90631178959884,0.14988588348548076,1.2876291376121154,Amarillo,6.0,1.2472303737646784,2024-10-22,7.6,120.0,3040.0,sakura filter,1,378
c-1147,1376.0,1900,317.8022238840885,0.3492088977655884,4.329736850746099,Verde,6.0,0.7400632490789866,2024-10-31,1.24,300.0,2356.0,sakura filter,1,1907
c-271340,38.0,250,66.04359926880144,0.14430506296993165,0.5753774842787974,Rojo,4.0,0.2711466419756649,2024-09-12,32.5,64.0,8125.0,mann - brasil,4,265
fs-18290,595.0,1950,321.71251311088014,0.070090007364732,1.8494773306965828,Verde,6.0,0.606983281925307,2024-10-22,5.33,384.0,10393.5,sakura filter,1,1931
a-5654-s,234.0,150,26.299108668533535,0.0,8.89763995233714,Verde,6.0,1.1098717505658278,2024-09-17,19.87,188.0,2980.5,sakura filter,1,0
to-840,0.0,50,12.217599533395877,1.79704558186961,0.0,Rojo,6.0,0.6310889553658954,2024-10-24,6.3,50.0,315.0,ito koyama - palieres,5,74
wdk-11102/28,0.0,400,102.30633458385188,0.46345954145289886,0.0,Rojo,4.0,0.3109319972653575,2024-09-24,8.889382362365723,160.0,3555.752944946289,mann - brasil,4,410
eo-17030,1364.0,2950,489.09157368936917,0.1150006906009677,2.788843794038253,Verde,6.0,1.4902015110138704,2024-09-30,0.95,600.0,2802.5,sakura filter,1,2935
a-1331-s,582.0,2750,459.9799179556068,0.1335207511840624,1.2652726288284817,Amarillo,6.0,0.9738750004234302,2024-10-16,12.0,560.0,33000.0,sakura filter,1,2760
3461-1096skr,21.0,250,39.01237662051512,0.17799823094173028,0.5382907123109465,Rojo,6.0,0.711001627858551,2024-08-29,32.0,150.0,8000.0,sakura - radiadores,13,235
hu-12110x,81.0,400,101.00761766598012,0.21058028471815732,0.8019197152818427,Rojo,4.0,0.2778063610824577,2024-09-24,7.667092287540436,204.0,3066.8369150161743,mann - brasil,4,405
hy040,160.0,250,44.57071978313974,0.0,3.589800675835731,Verde,6.0,0.662984640583871,2024-01-22,3.36,352.0,840.0,ito koyama - resortes,17,0
48321,0.0,8900,2226.001982904198,0.11189801506071068,0.0,Rojo,4.0,0.4492745369956507,,,,,narva,2,8905
a-61440,1638.0,650,110.12124325555364,0.7654208618842946,14.874514231543534,Verde,6.0,0.981251283147465,2024-06-13,1.24,420.0,806.0,sakura filter,1,661
48006,0.0,2900,723.4353242467125,0.3047656221499574,0.0,Rojo,4.0,0.46577506492765514,,,,,narva,2,2894
rxfc113640bep,931.0,1150,569.3660189013025,0.8508546309076352,1.635152027155638,Verde,2.0,0.32762625699132203,2024-10-09,1.52,6912.0,1748.0,wagner locked - usa,10,1139
sk008,152.0,200,30.815138493901653,0.2646103021238316,4.932640495193002,Verde,6.0,1.0627106245510982,2024-01-22,3.99,296.0,798.0,ito koyama - resortes,17,185
pu-999/1x,258.0,800,194.93859493430227,0.15305942554977583,1.3234936882916928,Amarillo,4.0,0.25763426599803857,2024-09-12,11.7,480.0,9360.0,mann - brasil,4,780
c-1160,10124.0,7500,1250.3590127106888,0.23397303176938922,8.096874495311464,Verde,6.0,0.9519700987437977,2024-10-31,1.3,3100.0,9750.0,sakura filter,1,6374
17919,0.0,14900,3720.3564160600927,0.1055044060723472,0.0,Rojo,4.0,0.4496343018004093,,,,,narva,2,14882
48072,0.0,5350,1337.715042655736,0.1248438619134712,0.0,Rojo,4.0,0.48625947458372076,,,,,narva,2,5351
f-11140,621.0,7300,1217.5576752553914,0.19286956576469444,0.5100374402138617,Rojo,6.0,1.4690847213723577,2024-10-31,2.5,100.0,18250.0,sakura filter,1,7306
hy035,0.0,200,29.526306938353102,0.10252427374187216,0.0,Rojo,6.0,1.1232227706074605,2024-01-22,8.4,80.0,1680.0,ito koyama - resortes,17,178
a-71420-s,7.0,300,45.97454237842424,0.08045057169808773,0.15225817676186562,Rojo,6.0,0.6544990468617291,2024-04-18,31.66,8.0,9498.0,sakura filter,1,276
ki-002,131.0,150,21.198477865131185,0.7134884491100248,6.179688977361834,Verde,6.0,0.6706227568863297,2024-10-24,7.2,200.0,1080.0,ito koyama - palieres,5,128
n009,0.0,700,113.52293205780278,0.12463988532514955,0.0,Rojo,6.0,0.8351414179858451,2024-01-22,4.41,688.0,3087.0,ito koyama - resortes,17,682
c-1305,552.0,1800,298.8299270295807,0.12274971806118608,1.8472045470377485,Verde,6.0,0.5949865190907622,2024-08-29,3.9,144.0,7020.0,sakura filter,1,1793
n002,36.0,650,104.52769598949253,0.16486296618642113,0.3444063284779456,Rojo,6.0,1.0748942093011802,2024-01-22,6.62,200.0,4303.0,ito koyama - resortes,17,607
c-281012,67.0,100,26.218120223019376,0.32912452001780446,2.5554845057569895,Verde,4.0,0.3690508923000576,2024-09-12,35.04,160.0,3504.0,mann - brasil,4,105
n016,244.0,300,49.996110099086934,0.24091229860707103,4.880379683867767,Verde,6.0,0.8866599008270166,2024-01-22,6.51,400.0,1953.0,ito koyama - resortes,17,300
54302-54y00,204.0,300,53.931757485205054,0.25355057550517346,3.782557986469526,Verde,6.0,0.7398154481548873,2024-09-19,9.9,300.0,2970.0,ito koyama - amortiguadores,7,320
a-3301,1531.0,2100,347.6423643693613,0.1875627233325928,4.4039511777493,Verde,6.0,1.5289942130414311,2024-10-31,1.35,20.0,2835.0,sakura filter,1,2086
t019,102.0,150,24.326570320515383,0.1667022875258216,4.192946175975333,Verde,6.0,0.8984379803993495,2024-01-22,6.72,248.0,1008.0,ito koyama - resortes,17,129
54651-3x250,131.0,350,57.58506959567026,0.12873611240141486,2.2748952275269927,Verde,6.0,0.7542065981832023,2024-09-19,10.3,202.0,3605.0000000000005,ito koyama - amortiguadores,7,330
a-83100-s,177.0,250,38.60427335188,0.039132586142925946,4.584984630759284,Verde,6.0,0.9532475440079404,2024-10-22,31.32,4.0,7830.0,sakura filter,1,102
as-1825,702.0,850,144.53171608915656,0.20629867447974587,4.857065417855834,Verde,6.0,1.2985380158867552,2024-10-31,4.13,396.0,3510.5,sakura filter,1,868
a-7620-s,273.0,600,96.76239866214759,0.3004081513553332,2.821343866776162,Verde,6.0,1.2444052698499921,2024-10-16,2.37,225.0,1422.0,sakura filter,1,581
dt-036v,35.0,150,24.085034148375247,0.1744986620681486,1.453184570317957,Amarillo,6.0,0.694508176323716,2024-01-11,17.74,200.0,2660.9999999999995,aisin - japon,3,125
a-1841-s,384.0,200,35.40697833580983,0.0035589280799471585,10.845319709522654,Verde,6.0,0.9361592464204839,2024-10-31,18.84,100.0,3768.0,sakura filter,1,4
to-844,15.0,650,107.4919314236436,0.31841095811496956,0.13954535751043956,Rojo,6.0,0.6448461527341709,2024-10-24,6.5,200.0,4225.0,ito koyama - palieres,5,645
c-1314,2638.0,7600,1269.9266077232278,0.1761024769416718,2.077285398980265,Verde,6.0,0.8755003094531744,2024-10-31,4.5,330.0,34200.0,sakura filter,1,7620
p85140500,33.0,0,11.64380181408543,inf,2.834125874598803,Verde,2.0,0.3252502272101645,2024-09-21,46.5,50.0,0.0,prextoline - lubricantes,14,24
sfc-55220,131.0,200,33.64742336111534,0.20681363933551142,3.8933144625686325,Verde,6.0,0.6035860879322458,2024-10-22,10.0,48.0,2000.0,sakura filter,1,202
as-1024-s,132.0,50,10.783827652037969,0.0,12.240551709397371,Verde,6.0,1.010761828374596,2023-12-05,16.77,1.0,838.5,sakura filter,1,0
t015,824.0,2350,392.110868930717,0.05902407521094102,2.101446466523718,Verde,6.0,0.7897765301842904,2024-09-20,4.7,1600.0,11045.0,ito koyama - resortes,17,2353
hy038,0.0,250,44.5178689164807,0.2420351439556832,0.0,Rojo,6.0,0.6443539857486624,2024-01-22,5.25,304.0,1312.5,ito koyama - resortes,17,268
c-1823,2153.0,900,148.7800877252396,0.3337177468784046,14.47102252000324,Verde,6.0,0.7459692604557838,2024-06-13,1.07,600.0,963.0,sakura filter,1,457
17141,0.0,8500,2119.4211387400774,0.12679113580963708,0.0,Rojo,4.0,0.41212472891323554,,,,,narva,2,8478
hy008,1398.0,1450,241.66665199853048,0.13116518778663294,5.784827937321285,Verde,6.0,0.9626726629770325,2024-09-20,4.2,2008.0,6090.0,ito koyama - resortes,17,1117
44209,0.0,300,300.0,0.0,0.0,Rojo,1.0,0.44175988964630786,,,,,versachem - usa,6,0
822345,0.0,350,110.42714911921799,0.2785498621476426,0.0,Rojo,3.0,0.8690484709718621,,,,,valvoline - usa,12,332
fc-2904,5172.0,13500,2248.1720398164334,0.06185867760721891,2.3005356833911614,Verde,6.0,0.9622537210736064,2024-10-16,2.5,2200.0,33750.0,sakura filter,1,13490
c-1013,1145.0,1400,232.12110476427634,0.22264318089374785,4.932769905445567,Verde,6.0,0.742859120984607,2024-09-17,1.49,450.0,2086.0,sakura filter,1,1393
op-006,87.0,200,29.683655798127287,0.2467476374586584,2.930905835577326,Verde,6.0,0.643135248423409,2024-10-24,6.6,100.0,1320.0,ito koyama - palieres,5,179
48530-02130,38.0,100,16.165624796469967,0.15994779571653117,2.35066695401083,Verde,6.0,0.7441515634052918,2024-09-19,11.3,60.0,1130.0,ito koyama - amortiguadores,7,97
c-7971,1861.0,4500,747.340569271445,0.1476858506136352,2.4901632221227077,Verde,6.0,1.1989226858694055,2024-10-22,1.2,1000.0,5400.0,sakura filter,1,4485
t1083,91.0,50,6.540562667772179,0.0,13.91317607098107,Verde,6.0,0.6732724162307367,2024-03-19,21.74,100.0,1087.0,ito koyama - trapecios,19,0
pra300500,167.0,50,24.8796118403354,0.0,6.712323370304988,Verde,2.0,0.5492649658782887,2024-06-11,35.0,260.0,1750.0,prextoline - lubricantes,14,0
rxfc113641bep,1176.0,200,96.78536568612616,1.6953073330375632,12.15059726915487,Verde,2.0,0.2899025898468492,2024-10-09,3.39,2592.0,678.0,wagner locked - usa,10,194
48351,0.0,2050,516.3945892243167,0.2670141577057115,0.0,Rojo,4.0,0.3946862950848293,,,,,narva,2,2066
c-311345/1,0.0,100,20.870164652380932,0.24262242159022365,0.0,Rojo,4.0,0.3455596328964538,2024-09-24,52.42513248205185,76.0,5242.513248205185,mann - brasil,4,84
icd976,946.0,900,147.19450219058817,0.009084308066688602,6.426870473566428,Verde,6.0,1.1137845572883514,2024-07-26,4.7,1000.0,4230.0,ishikawa - pastillas de freno,22,68
p1540ci5500,22.0,100,54.00595927872635,0.10035136903314446,0.4073624521038012,Rojo,2.0,0.5956822910227442,2024-09-21,295.0,10.0,29500.0,prextoline - lubricantes,14,109
a-42610,264.0,400,64.81813953754254,0.17020671812299215,4.072933933055757,Verde,6.0,1.473060132393639,2024-10-31,9.49,200.0,3796.0,sakura filter,1,389
to-2880,21.0,100,19.02216880332382,0.9081768909969817,1.1039750628398686,Naranja,6.0,0.7395768848672062,2024-10-24,10.2,102.0,1019.9999999999999,ito koyama - palieres,5,115
48320,0.0,7850,1958.7462579985709,0.1787245493332354,0.0,Rojo,4.0,0.40262398697866825,,,,,narva,2,7835
b10300100,502.0,1000,509.722324132728,0.049427721249895314,0.9848499393353681,Rojo,2.0,0.36575364379370673,2024-06-12,12.99,1200.0,12990.0,valvoline,9,1020
ca-11380,1763.0,12750,2124.2212333471616,0.10836401914928451,0.8299512180386311,Rojo,6.0,2.021232560907494,2024-10-22,0.9,1260.0,11475.0,sakura filter,1,12746
re002,4.0,50,9.941615881447772,1.153010187639022,0.40234907963648764,Rojo,6.0,0.714465325773837,2024-01-22,6.3,104.0,315.0,ito koyama - resortes,17,60
fs-26150,482.0,250,45.63219335025136,0.3394288719148358,10.562718217386431,Verde,6.0,0.822590902715771,2024-10-16,18.37,300.0,4592.5,sakura filter,1,274
17039,0.0,4100,1021.051058441969,0.21204233890123847,0.0,Rojo,4.0,0.4002791144281607,,,,,narva,2,4085
ctx-071,792.0,250,40.679853299418035,0.0,19.469096758304445,Verde,6.0,0.49104148463302777,2024-07-30,24.05,180.0,6012.5,aisin - japon,3,0
dtx-209a,0.0,150,21.343604443060002,0.20725177103204495,0.0,Rojo,6.0,0.44959842038118325,2024-10-07,57.36,100.0,8604.0,aisin - japon,3,129
vx959,90.0,50,16.016834647124796,0.06359887751905233,5.619087789993263,Verde,3.0,0.47239454912759815,2024-08-07,700.0,12.0,35000.0,valvoline - usa,12,16
55302-51y00,8.0,100,19.8785211413235,0.6567000269678536,0.40244442446825623,Rojo,6.0,0.6360960296029324,2024-08-22,9.8,68.0,980.0000000000001,ito koyama - amortiguadores,7,120
sdhd-519,63.0,100,30.068805576100875,0.27789928490998456,2.095194630879296,Verde,4.0,0.36415359174533374,2024-07-18,18.98,200.0,1898.0,seco - embragues,16,64
48510-12750,0.0,250,39.02840410478601,0.24153434081469044,0.0,Rojo,6.0,0.7305020365763282,2024-08-22,11.1,64.0,2775.0,ito koyama - amortiguadores,7,235
to-015,82.0,850,144.04580174179276,0.28960635119967304,0.5692633801781182,Rojo,6.0,0.6444178970290199,2024-10-24,6.5,200.0,5525.0,ito koyama - palieres,5,865
17643,0.0,24200,6047.640812224027,0.20759858599148917,0.0,Rojo,4.0,0.3668282358003476,,,,,narva,2,24191
c-27902,13.0,200,45.45014443581715,0.15181814778997185,0.28602769389122784,Rojo,4.0,0.4384563794282637,2024-09-12,20.91,60.0,4182.0,mann - brasil,4,182
fc-1702,157.0,400,68.0836857734005,0.24293744466000183,2.3059856148583844,Verde,6.0,1.0248892762555877,2024-09-17,1.62,150.0,648.0,sakura filter,1,409
a-7122-s,698.0,900,153.58791111965385,0.2391133270325373,4.544628512176441,Verde,6.0,0.6062403791968702,2024-10-16,35.4,191.0,31860.0,sakura filter,1,922
a-33411,1290.0,1800,300.23039748514816,0.08680653385406645,4.2967001702877665,Verde,6.0,0.9612287707828122,2024-10-31,2.4,440.0,4320.0,sakura filter,1,1802
eo-1501,318.0,1400,230.7222597061585,0.07963975073739298,1.3782805369754787,Amarillo,6.0,1.7679597847190704,2024-09-17,1.3,300.0,1820.0,sakura filter,1,1385
sfc-1306-30,167.0,400,66.10802291025796,0.1810990342022414,2.52616842325936,Verde,6.0,0.7094996632889843,2024-08-29,5.33,160.0,2132.0,sakura filter,1,397
bdd010,69.0,150,26.989210581066132,0.1996482042839568,2.556577184528913,Verde,6.0,1.0429781204297368,2024-07-24,10.09,50.0,1513.5,ishikawa - discos de freno,15,162
a-5025-s,111.0,150,28.977715704047014,0.1583158644682328,3.8305296778274966,Verde,6.0,0.5887731332496229,2024-08-29,23.72,100.0,3558.0,sakura filter,1,173
ef-1112,1161.0,2100,346.3990689746624,0.10402764185128761,3.3516256363983534,Verde,6.0,1.054846731411977,2024-10-22,2.0,456.0,4200.0,sakura filter,1,2079
a-5541-s,99.0,6650,1106.85115565596,0.1382379275220781,0.08944292057167255,Rojo,6.0,1.0822669056755803,2024-10-31,6.77,288.0,45020.5,sakura filter,1,6642
h-601/10,0.0,1900,478.779827731129,0.09701878075581621,0.0,Rojo,4.0,0.3297252046283896,2024-09-12,1.81,504.0,3439.0,mann - brasil,4,1916
sfc-7939-30,1001.0,650,107.00478331505887,0.03442888765150156,9.354721994555252,Verde,6.0,0.7406468090485564,2024-08-29,11.05,300.0,7182.500000000001,sakura filter,1,133
wk-1060/2,862.0,1250,308.2715045891095,0.22531871990904823,2.7962363928153104,Verde,4.0,0.3815483991978904,2024-09-12,11.99,1200.0,14987.5,mann - brasil,4,1234
48881,0.0,57400,14345.937122323443,0.12306235974607631,0.0,Rojo,4.0,0.39259549428384916,,,,,narva,2,57384
48076,0.0,500,128.6118496376955,0.3340953909029551,0.0,Rojo,4.0,0.5324534148063109,,,,,narva,2,515
a-22380-s,314.0,150,27.36660412951048,0.0,11.473838643407039,Verde,6.0,0.989386381830582,2023-12-05,35.86,152.0,5379.0,sakura filter,1,0
884559,0.0,1050,358.2123327023963,0.19352915790776903,0.0,Rojo,3.0,0.47359120818022843,,,,,valvoline - usa,12,1075
c-23610,0.0,450,117.77776338994525,0.15861518100382474,0.0,Rojo,4.0,0.29631980250339324,2024-09-12,16.59,240.0,7465.5,mann - brasil,4,472
wk-723,397.0,2250,562.7708331094395,0.06895399297400516,0.7054381226661709,Rojo,4.0,0.31606100417814575,2024-09-24,3.1001720988750456,800.0,6975.387222468853,mann - brasil,4,2252
bdd021,169.0,500,81.5466106241617,0.28925657974083396,2.0724343869900395,Verde,6.0,0.7656778119964759,2024-10-30,13.1,200.0,6550.0,ishikawa - discos de freno,15,490
h80900025,118.0,300,142.76839915321236,0.1520355624083312,0.8265134350450195,Rojo,2.0,0.5602291586763037,2024-06-12,3.27,240.0,981.0,valvoline,9,286
opt-116,23.0,150,21.004733315994468,0.2118097608736376,1.0949912885819024,Naranja,6.0,0.5988938689091227,2024-07-15,47.19,5.0,7078.5,aisin - japon,3,127
5611076000,196.0,150,28.887280128813302,0.1743388646793279,6.784993226292078,Verde,6.0,0.7930235902877012,,,,,ito koyama - amortiguadores,7,87
884569,0.0,1050,350.22142465667565,0.1264592005871705,0.0,Rojo,3.0,0.4360363497685296,,,,,valvoline - usa,12,1051
48078,0.0,300,74.40587055940402,0.35252368160117153,0.0,Rojo,4.0,0.3739947188466832,,,,,narva,2,298
dtx-232a,0.0,100,17.408395165040982,1.0499999999999998,0.0,Rojo,6.0,0.35628729822359667,2024-10-07,68.84,1000.0,6884.0,aisin - japon,3,105
rxfc113661bep,0.0,1550,770.4195208004385,0.3216688583538971,0.0,Rojo,2.0,0.2795658607841161,2024-10-09,2.08,3456.0,3224.0,wagner locked - usa,10,1541
f-1111,5235.0,13200,2199.6769871004767,0.08035856337546579,2.3798948803390267,Verde,6.0,1.4221625597361334,2024-10-31,1.2,2500.0,15840.0,sakura filter,1,13199
a-5444-s,159.0,100,13.115370016329358,0.24642721445403362,12.123180650033987,Verde,6.0,1.007012439529411,2024-08-29,17.79,159.0,1779.0,sakura filter,1,64
a-8602-s,75.0,1850,310.9643858107515,0.6099464981519602,0.24118517560928646,Rojo,6.0,1.1070220996523579,2024-10-31,4.92,75.0,9102.0,sakura filter,1,1866
n019,0.0,300,47.8604246132168,0.24106736764868555,0.0,Rojo,6.0,0.8797400242708924,2024-01-22,4.83,400.0,1449.0,ito koyama - resortes,17,288
18032,0.0,1900,474.8240482997465,0.2295552405183474,0.0,Rojo,4.0,0.23037264426048482,,,,,narva,2,1900
ca-18120,8.0,3250,538.5737377499546,0.09474097222819379,0.014854047717629682,Rojo,6.0,1.1890992022717275,2024-10-22,1.35,80.0,4387.5,sakura filter,1,3232
rp1030100,50.0,350,179.499090833947,0.023458238091517796,0.27855294290183646,Rojo,2.0,0.3394936357143441,2024-06-12,11.47,210.0,4014.5,valvoline,9,268
schd-514,38.0,150,33.486587143100124,0.3083121232812024,1.1347827068077274,Naranja,4.0,0.3750721717389325,2024-07-18,16.24,200.0,2435.9999999999995,seco - embragues,16,134
by-002,49.0,200,29.970937520958582,0.18965668299411687,1.6349171581881432,Verde,6.0,0.578229196220451,2024-10-24,8.1,50.0,1620.0,ito koyama - palieres,5,180
c-20500,46.0,200,54.09562471406662,0.18134746050104647,0.850346035250398,Rojo,4.0,0.42958478143995193,2024-09-12,14.35,120.0,2870.0,mann - brasil,4,217
ni-032,26.0,200,30.60828651676702,0.3789700409747357,0.8494431723826608,Rojo,6.0,0.6585955750394493,2024-10-24,7.2,50.0,1440.0,ito koyama - palieres,5,184
48702,0.0,6550,1634.2189487316932,0.22609220344597925,0.0,Rojo,4.0,0.3675804140999864,,,,,narva,2,6537
26560143,0.0,750,123.07158240785282,0.2968017892613058,0.0,Rojo,6.0,1.045408547828771,,,,,sakura filter,1,739
c-1012,338.0,400,62.86506345089925,0.17820213788217046,5.376595225486328,Verde,6.0,0.8248713143972128,2024-09-17,3.56,144.0,1424.0,sakura filter,1,244
fc-2801,1305.0,1150,188.71520666524168,0.10113173357221418,6.915181998634136,Verde,6.0,0.8280716841031417,2024-10-31,2.8,816.0,3220.0,sakura filter,1,1133
hu-12140x,4.0,250,57.971715122350176,0.16532594946173965,0.06899916608570128,Rojo,4.0,0.38738233167616903,2024-09-12,11.77,102.0,2942.5,mann - brasil,4,220
333741,22.0,300,49.858010266763046,0.09258706270738132,0.4412530681086146,Rojo,6.0,0.7749898202720762,,,,,ito koyama - amortiguadores,7,266
k16r-u11,4010.0,3300,1106.0721853503912,0.09941957817432821,3.6254414975001628,Verde,3.0,0.42039154772004683,2024-08-26,0.99,6720.0,3267.0,denso - bujias - japon,23,2108
a-1081,363.0,350,60.76592687151578,0.21908722056196775,5.973742501575457,Verde,6.0,2.582474652496244,2024-10-22,1.25,400.0,437.5,sakura filter,1,365
54661-3x250,187.0,400,66.38614263548521,0.07390912504240311,2.8168529240625495,Verde,6.0,0.6474904392887211,2024-09-19,11.45,270.0,4580.0,ito koyama - amortiguadores,7,235
17916,0.0,127350,31836.4901383404,0.22081838579178206,0.0,Rojo,4.0,0.39431856263576015,,,,,narva,2,127346
18048,0.0,250,62.06020319739935,0.1692211325038138,0.0,Rojo,4.0,0.32337284654556714,,,,,narva,2,249
17177,0.0,80850,20214.572868981217,0.29036402994243216,0.0,Rojo,4.0,0.4418337091382735,,,,,narva,2,80859
c-58270,763.0,2200,367.9840779491877,0.11172347714154025,2.0734592764237947,Verde,6.0,0.7698110426803081,2024-08-29,5.2,144.0,11440.0,sakura filter,1,2127
hy-009,167.0,400,67.83318181721859,0.17874812651953162,2.4619219609953364,Verde,6.0,0.6275747814449225,2024-10-24,6.5,200.0,2600.0,ito koyama - palieres,5,407
n018,0.0,350,54.71871871752006,0.2872069369094523,0.0,Rojo,6.0,0.8705281971247016,2024-01-22,4.5,600.0,1575.0,ito koyama - resortes,17,329
a-1126-s,1232.0,2350,395.17129836590084,0.1858505671327016,3.117635326994965,Verde,6.0,1.4899572950773916,2024-10-22,4.84,92.0,11374.0,sakura filter,1,2257
a-6121m-s,85.0,250,42.5925020713696,0.10751393532505571,1.995656415243481,Verde,6.0,0.6482872605035411,2024-08-29,19.33,50.0,4832.5,sakura filter,1,219
eo-28090,480.0,3900,650.9925120526958,0.09963459651463906,0.7373356699395422,Rojo,6.0,1.2343114529904335,2024-09-17,2.0,250.0,7800.0,sakura filter,1,3906
99939,0.0,5750,5736.744444444445,0.016431194753441684,0.0,Rojo,1.0,0.35085039332879536,,,,,versachem - usa,6,4805
af6210/fh,1202.0,3050,1012.636839927839,0.12882017155913592,1.1870000701195653,Naranja,3.0,0.29348316158936966,2024-07-03,7.39,2592.0,22539.5,prestone - usa,11,2952
eo-1801,156.0,600,99.11131727935445,0.20668307739129735,1.573987757223522,Verde,6.0,1.541319478421844,2024-09-17,1.4,400.0,840.0,sakura filter,1,595
ato-002,207.0,150,25.83896741877503,0.029881245077404455,8.011156043704375,Verde,6.0,1.4990118688880592,2024-06-21,29.7,200.0,4455.0,ito koyama - palieres,5,17
c-38090,251.0,500,84.55377785647053,0.2766590602705461,2.9685249596543257,Verde,6.0,0.8739659873616412,2024-09-30,5.72,144.0,2860.0,sakura filter,1,413
dt-100v,1046.0,700,119.9894016086298,0.03267251512945367,8.717436590039384,Verde,6.0,0.4325804210423243,2024-05-20,13.65,300.0,9555.0,aisin - japon,3,112
48520-bz750,66.0,50,9.854532906693372,0.0,6.697425502041973,Verde,6.0,0.7988582625216961,2024-09-19,10.2,150.0,509.99999999999994,ito koyama - amortiguadores,7,0
c-5816,589.0,650,104.3107618369999,0.10442962466955988,5.646588996448847,Verde,6.0,1.0467100826273241,2024-10-31,4.71,204.0,3061.5,sakura filter,1,626
v001,188.0,200,34.87443268922333,0.20866389053582593,5.390768695087462,Verde,6.0,0.920886836183561,2024-01-22,5.04,160.0,1008.0,ito koyama - resortes,17,164
ef-15130,1703.0,7250,1208.7930287618292,0.07691502177884875,1.408843333373943,Amarillo,6.0,1.045930235249881,2024-10-22,4.5,150.0,32625.0,sakura filter,1,7253
di1540ci025,170.0,150,67.0483757037682,0.07930755873962195,2.5354827498147103,Verde,2.0,0.6652259888377478,2024-03-30,2.96,120.0,444.0,valvoline,9,47
dt-625,113.0,50,5.821194745507094,0.0,19.41182264812829,Verde,6.0,0.29892276559254244,2023-02-09,51.93,50.0,2596.5,aisin - japon,3,0
a-6020m,738.0,1200,202.56815552377398,0.057868906231159895,3.643218244702762,Verde,6.0,1.6748182047047955,2024-10-16,8.1,208.0,9720.0,sakura filter,1,1216
48901,0.0,59550,14890.25845844161,0.17539561016346508,0.0,Rojo,4.0,0.3320077186754135,,,,,narva,2,59562
48531-36100,256.0,150,21.172788083366815,0.0,12.090991464705194,Verde,6.0,0.7985431482325946,2024-09-19,6.0,200.0,900.0,ito koyama - amortiguadores,7,0
wk-1040,1926.0,5000,1245.522613296774,0.06825052338883676,1.5463388455887368,Verde,4.0,0.3246549271163499,2024-09-12,9.32,1200.0,46600.0,mann - brasil,4,4983
f-1507,1755.0,1850,308.1890915324142,0.1397297210324417,5.694555869169742,Verde,6.0,1.225287172374356,2024-10-22,1.1,600.0,2035.0000000000002,sakura filter,1,1850
a-5331-s,149.0,250,38.24203098892872,0.12610911044998108,3.8962365791486424,Verde,6.0,0.7290459342350757,2024-10-31,24.9,113.0,6225.0,sakura filter,1,230
54660-1y200,0.0,50,9.268524993522732,1.12,0.0,Rojo,6.0,0.8268009505342023,2024-08-22,10.57,120.0,528.5,ito koyama - amortiguadores,7,56
c-1717,130.0,300,52.413083686902446,0.19268323434203646,2.4802967285148654,Verde,6.0,1.070463498068084,2024-09-30,2.5,144.0,750.0,sakura filter,1,315
c-6805,551.0,750,123.41621728797429,0.09684034906613753,4.464567235230678,Verde,6.0,0.9455031677815648,2024-10-22,4.74,300.0,3555.0,sakura filter,1,741
a-76530-s,343.0,750,121.22738770228318,0.17514995929479682,2.8293936419908516,Verde,6.0,1.174080839441704,2024-09-30,9.88,52.0,7410.000000000001,sakura filter,1,728
a-8672-s,28.0,550,91.30145751262154,0.0873229155749913,0.30667637475698867,Rojo,6.0,1.1054199364443535,2024-08-29,10.08,36.0,5544.0,sakura filter,1,548
96408735,69.0,50,12.281693694275233,0.21999999999999992,5.618117640579362,Verde,6.0,0.7814845505126242,,,,,ito koyama - amortiguadores,7,11
cf-1510/1,61.0,50,18.251399843235113,0.29456391900673246,3.3422093934679573,Verde,4.0,0.41441322576770134,2024-09-24,33.04627893209457,100.0,1652.3139466047287,mann - brasil,4,43
c-2105,491.0,1350,228.71643373172017,0.12991718483225326,2.146763098693351,Verde,6.0,0.9808977057332273,2024-10-22,1.56,300.0,2106.0,sakura filter,1,1373
hy-013,66.0,100,13.752687755974476,0.9864821589249092,4.799061912194445,Verde,6.0,0.6205015498274138,2024-10-24,7.1,100.0,710.0,ito koyama - palieres,5,83
sk014,0.0,150,22.71545920940427,0.0,0.0,Rojo,6.0,0.9628173796442886,2024-01-22,9.35,420.0,1402.5,ito koyama - resortes,17,0
54650-24120,124.0,100,19.152752028747532,0.14668289475897453,6.474265411773768,Verde,6.0,0.6862187867139017,2024-08-22,9.55,104.0,955.0000000000001,ito koyama - amortiguadores,7,80
hy047,18.0,100,16.648899182615068,0.0,1.0811525616537918,Naranja,6.0,1.1166546044655263,2024-01-22,10.61,120.0,1061.0,ito koyama - resortes,17,0
48510-52031,0.0,1050,174.50711623145318,0.07561015231436698,0.0,Rojo,6.0,0.8841161577647889,2024-09-19,9.9,174.0,10395.0,ito koyama - amortiguadores,7,1048
3330084,150.0,800,133.77217448727086,0.05231258862408646,1.121309424586451,Naranja,6.0,0.7631682293534843,,,,,ito koyama - amortiguadores,7,713
sk005,0.0,450,75.80084614067157,0.09618924172790716,0.0,Rojo,6.0,0.7894309518392647,2024-01-22,3.75,408.0,1687.5,ito koyama - resortes,17,455
a-28530,1341.0,800,134.23481299265964,0.057942313374705595,9.98995692774072,Verde,6.0,0.7866664217143232,2024-10-22,3.22,200.0,2576.0,sakura filter,1,143
c-1122,1769.0,2700,449.2424671110413,0.08891023805705998,3.937739927785474,Verde,6.0,0.9219144695114095,2024-10-22,2.0,1008.0,5400.0,sakura filter,1,2696
a-7101-s,473.0,250,39.03572696532903,0.061229751924261375,12.117104938768318,Verde,6.0,0.8345265804994104,2024-10-22,31.71,43.0,7927.5,sakura filter,1,99
56110-25g00,0.0,100,18.149267254937417,0.3748911230361543,0.0,Rojo,6.0,0.6795179869826278,2024-08-22,4.9,100.0,490.00000000000006,ito koyama - amortiguadores,7,101
sfc-7939-30b,151.0,150,21.86026976846165,0.12154230032691286,6.907508534860417,Verde,6.0,0.7100877556170363,2024-08-28,16.89,102.0,2533.5,sakura filter,1,82
17649,0.0,3150,790.618546562967,0.20399397086782953,0.0,Rojo,4.0,0.4845159328577454,,,,,narva,2,3163
3330083,73.0,300,52.451626657845516,0.17789654649999512,1.3917585526221414,Amarillo,6.0,0.7758881479296883,,,,,ito koyama - amortiguadores,7,315
b20500100,271.0,200,108.0758264180592,0.038068466543343955,2.5074987532523423,Verde,2.0,0.3483353086474039,2024-06-12,12.99,420.0,2598.0,valvoline,9,68
cv-15,0.0,500,86.87025288372581,0.22573620717049597,0.0,Rojo,6.0,0.6580581317044599,2024-10-24,6.5,100.0,3250.0,ito koyama - palieres,5,522
fc-1001,352.0,2900,479.73154739355965,0.16260964471415004,0.733743698767486,Rojo,6.0,0.6775109810942487,2024-09-30,2.37,500.0,6873.0,sakura filter,1,2879
a-5801-s,201.0,350,62.023978100206996,0.12949949675072875,3.240682170938165,Verde,6.0,0.9718853135102307,2024-10-22,16.96,12.0,5936.0,sakura filter,1,373
mi-002,76.0,450,73.86904123166222,0.17189141490843654,1.0288477924284252,Naranja,6.0,0.6683508290330576,2024-10-24,6.3,100.0,2835.0,ito koyama - palieres,5,444
dttmlt265/70r17,34.0,150,22.480774478929863,0.21941846512717134,1.512403410828508,Verde,6.0,0.2611103414457276,2024-10-28,71.34,60.0,10701.0,deestone,8,135
dttmlt265/65r17,144.0,650,109.77424479494401,0.1972982671424193,1.3117831078591247,Amarillo,6.0,0.402069242881263,2024-10-04,74.5,132.0,48425.0,deestone,8,659
a-17860,1367.0,750,125.210095201694,0.26381241747432066,10.917650032914482,Verde,6.0,1.4023443631762582,2024-10-31,4.4,600.0,3300.0000000000005,sakura filter,1,717
a-5549-s,287.0,400,64.53457022285767,0.1094352505180749,4.447228810990775,Verde,6.0,1.3254681764712155,2024-09-30,16.69,131.0,6676.000000000001,sakura filter,1,331
54660-g6250,42.0,100,13.694529503159627,0.3243371113265079,3.0669180704827927,Verde,6.0,0.7306267953343444,2024-09-19,10.9,84.0,1090.0,ito koyama - amortiguadores,7,74
wc-7101,278.0,250,40.22077261554212,0.24287550931144417,6.911851312686499,Verde,6.0,0.9768989606498102,2024-10-16,4.94,156.0,1235.0,sakura filter,1,242
ef-18050,397.0,2450,405.5475149736845,0.12865308032911443,0.9789235178170451,Rojo,6.0,0.9396377462545021,2024-09-17,3.7,125.0,9065.0,sakura filter,1,2434
48540-02120,53.0,100,16.478657292585925,0.18138649294806417,3.216281463893648,Verde,6.0,0.7662629774818193,2024-09-19,11.3,59.0,1130.0,ito koyama - amortiguadores,7,99
4853002700,1.0,350,56.836006352100405,0.26821245025203827,0.01759448040393578,Rojo,6.0,0.66409690120885,,,,,ito koyama - amortiguadores,7,342
17197,0.0,11350,2834.160007449535,0.19294803838175176,0.0,Rojo,4.0,0.48596781535163247,,,,,narva,2,11337
c-1302,911.0,4200,702.0584872259096,0.05368981860667772,1.2976126869425009,Amarillo,6.0,0.770522952483919,2024-10-22,2.99,756.0,12558.0,sakura filter,1,4213
sk-1043,86.0,400,64.49880545819738,0.43018212618007534,1.3333580271612604,Amarillo,6.0,0.596211375387555,2024-10-24,5.8,100.0,2320.0,ito koyama - palieres,5,387
a-28550,332.0,550,93.96699838267914,0.20617788238362975,3.5331553174438453,Verde,6.0,1.189196233160227,2024-10-31,2.13,200.0,1171.5,sakura filter,1,564
wk-962/7,180.0,450,117.749173467403,0.10166003330117326,1.5286731507277218,Verde,4.0,0.5274715667226447,2024-02-09,6.822002602815628,420.0,3069.9011712670326,mann - brasil,4,471
zd1567,228.0,100,39.34231531877283,0.0,5.795286783521001,Verde,3.0,0.020126199077463026,2018-02-23,14.13,700.0,1413.0,wagner - pastillas,27,0
a-13530-s,241.0,200,32.562530827312315,0.04959385819702895,7.401144624724857,Verde,6.0,0.8578890014982707,2024-10-16,10.21,20.0,2042.0000000000002,sakura filter,1,37
cp-23210,192.0,200,43.7845102070473,0.007365459192197168,4.385112431133164,Verde,4.0,0.322629942410214,2024-04-09,29.06029522418976,108.0,5812.059044837952,mann - brasil,4,6
48530-52051,0.0,50,8.25605026061414,0.7856517227722338,0.0,Rojo,6.0,0.78024808452711,2024-02-29,6.6,200.0,330.0,ito koyama - amortiguadores,7,50
54303-54y00,114.0,300,47.47766894184255,0.24967075593518787,2.4011288367936414,Verde,6.0,0.7368637904752724,2024-09-19,9.9,204.0,2970.0,ito koyama - amortiguadores,7,285
41602-64j00,3.0,150,21.622745672605802,0.10191642401132642,0.13874278712905305,Rojo,6.0,0.6847320570150406,2023-12-23,11.4,78.0,1710.0,ito koyama - amortiguadores,7,130
t1086,113.0,100,15.845701174557439,0.0,7.1312716777366605,Verde,6.0,0.6147811129401802,2024-08-15,23.8,108.0,2380.0,ito koyama - trapecios,19,0
pp05300100,66.0,850,413.11901023195077,0.1563027041962069,0.15976025882455394,Rojo,2.0,0.46003910471132203,2024-06-12,16.31,510.0,13863.499999999998,valvoline,9,744
c-5710,129.0,300,52.458185005337896,0.12977988719653807,2.459101472665773,Verde,6.0,0.9882920126333261,2024-02-28,9.75,198.0,2925.0,sakura filter,1,315
eo-2623,246.0,250,45.608958710092566,0.5092079066449046,5.3936771844248215,Verde,6.0,0.8731957869717611,2023-01-31,1.66,300.0,415.0,sakura filter,1,274
tkl49011,236.0,500,121.82118955166985,0.2950018887082617,1.9372656010710008,Verde,4.0,0.43354378293257817,2022-10-20,7.25,600.0,3625.0,tkl - taiwan,21,488
tkl49011,236.0,500,121.82118955166985,0.2950018887082617,1.9372656010710008,Verde,4.0,0.43354378293257817,2022-10-20,7.25,600.0,3625.0,tkl - taiwan,21,488
tkl49011,3.0,500,121.82118955166985,0.2950018887082617,0.02462625764073306,Rojo,4.0,0.43354378293257817,2022-10-20,7.25,600.0,3625.0,tkl - taiwan,21,488
tkl49011,3.0,500,121.82118955166985,0.2950018887082617,0.02462625764073306,Rojo,4.0,0.43354378293257817,2022-10-20,7.25,600.0,3625.0,tkl - taiwan,21,488
fc-13210,145.0,150,22.887161760004286,0.2263574020032781,6.335429509367563,Verde,6.0,0.9783815577897814,2024-09-17,12.09,120.0,1813.5,sakura filter,1,115
to-813,54.0,200,29.721268345996183,0.3369979243218378,1.8168807391180686,Verde,6.0,0.6642839672414357,2024-10-24,6.8,100.0,1360.0,ito koyama - palieres,5,179
eo-31110,617.0,950,158.63078216940974,0.15614664356791813,3.8895351303322383,Verde,6.0,1.1969365297507804,2024-10-22,1.6,300.0,1520.0,sakura filter,1,952
w-1168/5,200.0,150,41.73410847473257,0.08426967756198571,4.79224325879844,Verde,4.0,0.3579435179033733,2024-02-03,9.22,204.0,1383.0,mann - brasil,4,92
48991,0.0,5700,1424.751671273691,0.14278318245969204,0.0,Rojo,4.0,0.3612920061974512,,,,,narva,2,5700
mi-013,96.0,150,27.541088932482683,0.27288215692457846,3.4857009552289373,Verde,6.0,0.6155642093912195,2024-10-24,8.5,100.0,1275.0,ito koyama - palieres,5,166
t004,504.0,800,129.18707677387852,0.15908297473619773,3.901319021887708,Verde,6.0,0.965583475803031,2024-09-20,4.1,800.0,3279.9999999999995,ito koyama - resortes,17,776
17631,0.0,6100,1528.236973609188,0.15746980953089196,0.0,Rojo,4.0,0.416228937124629,,,,,narva,2,6113
f-17011,796.0,1400,232.4717749491838,0.20909647857849217,3.4240715896542633,Verde,6.0,1.766967117974825,2024-09-17,1.8,256.0,2520.0,sakura filter,1,1395
c-1142,1000.0,3750,625.5285983124505,0.1628429828318282,1.5986479318416416,Verde,6.0,0.8913569960209455,2024-10-31,1.3,1000.0,4875.0,sakura filter,1,3754
a-6304-s,247.0,500,82.71038581185759,0.10227643619301888,2.986323876687677,Verde,6.0,1.116158487684357,2024-09-30,18.23,150.0,9115.0,sakura filter,1,497
a-13580-s,326.0,150,22.387978222912015,0.0,14.56138632770195,Verde,6.0,1.124327246649114,2024-10-31,20.16,100.0,3024.0,sakura filter,1,0
dt-611u,1.0,150,26.875183879159284,0.35665611192059593,0.03720904774071009,Rojo,6.0,0.41849524447016734,2024-07-15,19.24,200.0,2885.9999999999995,aisin - japon,3,162
bdd020,1102.0,1100,183.36419173209,0.13845260543183321,6.009897513742005,Verde,6.0,0.9314188509681395,2024-10-30,11.8,400.0,12980.0,ishikawa - discos de freno,15,1101
ca-2807,1598.0,1600,269.6891545069943,0.15224506575929125,5.925340241884129,Verde,6.0,1.7419584476218855,2024-10-22,1.1,760.0,1760.0000000000002,sakura filter,1,1619
to-843,0.0,50,11.619000664812654,1.3949841179511946,0.0,Rojo,6.0,0.5919683520813037,2024-10-24,8.1,100.0,405.0,ito koyama - palieres,5,70
3340048,239.0,150,27.226509007434483,0.02705805566362836,8.778209499232478,Verde,6.0,0.7837396105964404,,,,,ito koyama - amortiguadores,7,14
sfc-5304-10,174.0,600,96.91217752006293,0.14415024625083075,1.7954399999316724,Verde,6.0,0.7333354463498315,2024-09-17,7.8,180.0,4680.0,sakura filter,1,582
t016,648.0,1650,277.99658028325103,0.1249724173232624,2.3309639253107073,Verde,6.0,0.8407232944040386,2024-09-20,9.8,1200.0,16170.000000000002,ito koyama - resortes,17,1668
t035,0.0,200,33.84215272982073,0.24497331543984321,0.0,Rojo,6.0,1.1926039624721887,2023-08-31,5.67,184.0,1134.0,ito koyama - resortes,17,204
cf-300/1,61.0,100,30.310145527944027,0.19361099862359457,2.012527453679227,Verde,4.0,0.5440315680062056,2024-09-12,7.65,108.0,765.0,mann - brasil,4,122
48520-12610,12.0,300,49.83978869499605,0.23652802213620872,0.24077148628049477,Rojo,6.0,0.7287232548643805,2024-08-22,11.1,64.0,3330.0,ito koyama - amortiguadores,7,300
n006,360.0,850,144.32570422908478,0.11477051608983066,2.494358173569557,Verde,6.0,0.9792155776960468,2024-09-20,4.3,648.0,3655.0,ito koyama - resortes,17,866
a-1088,749.0,1850,306.87285988891165,0.09529674773251076,2.4407502190683754,Verde,6.0,0.6486588934394252,2024-10-31,7.12,25.0,13172.0,sakura filter,1,1842
17037,0.0,8400,2097.380211483238,0.0963770333835148,0.0,Rojo,4.0,0.4471106737390839,,,,,narva,2,8390
17632,0.0,900,219.39419440860172,0.5754231559929716,0.0,Rojo,4.0,0.41030307298176427,,,,,narva,2,878
hy045,250.0,500,82.0673821147599,0.20598807635008787,3.0462772609269972,Verde,6.0,1.0251149799405233,2024-09-20,4.5,640.0,2250.0,ito koyama - resortes,17,412
c-65400,1304.0,3050,511.17363960721747,0.16423268627220436,2.550992263611217,Verde,6.0,0.8462649571575444,2024-10-31,1.1,600.0,3355.0000000000005,sakura filter,1,3068
55300-1m300,33.0,400,64.6953458496455,0.10756018774753137,0.5100830603285325,Rojo,6.0,1.133759938133313,2024-08-22,5.95,160.0,2380.0,ito koyama - amortiguadores,7,389
a-8604-s,259.0,500,79.44195414578454,0.42794351046794293,3.260242057045917,Verde,6.0,0.9198756196052204,2024-10-16,16.19,6.0,8095.000000000001,sakura filter,1,396
18036,0.0,200,45.72596514779678,0.2148662272827336,0.0,Rojo,4.0,0.34472708670346697,,,,,narva,2,183
54650-g6250,41.0,100,16.8608103222528,0.168113314561361,2.431674351136519,Verde,6.0,0.7746515511787564,2024-09-19,10.9,84.0,1090.0,ito koyama - amortiguadores,7,65
af9033mv,579.0,800,268.07233942070013,0.21851726800147392,2.1598647635604977,Verde,3.0,0.320682107133104,2024-06-14,4.95,1560.0,3960.0,prestone - mexico,20,743
t1082,175.0,50,11.883182166225382,0.0,14.72669505121183,Verde,6.0,0.8132758602346424,2024-06-11,9.57,50.0,478.5,ito koyama - trapecios,19,0
54651-2s000,4.0,100,18.974590009761098,0.2817092924096688,0.21080824396955508,Rojo,6.0,0.7816875374763046,2024-08-22,12.32,80.0,1232.0,ito koyama - amortiguadores,7,114
to-014f2,45.0,650,105.71526112694734,0.45018157535551273,0.4256717480550145,Rojo,6.0,0.6734749953653256,2024-10-24,6.5,200.0,4225.0,ito koyama - palieres,5,635
c-1121,536.0,1200,198.93266881470132,0.15471569176652678,2.69437897351724,Verde,6.0,0.8050482823570904,2024-10-22,1.5,300.0,1800.0,sakura filter,1,1194
ca-18280,546.0,1150,194.2067259174615,0.28260047576443825,2.811437129278683,Verde,6.0,1.089878821863941,2024-09-30,1.27,60.0,1460.5,sakura filter,1,1166
efg-1002,0.0,1550,256.76509640603086,0.09589036600646787,0.0,Rojo,6.0,0.878738064002814,2024-10-16,4.1,150.0,6354.999999999999,sakura filter,1,1541
p1540ci500,942.0,900,448.6701002859074,0.04137903737711743,2.099538167129315,Verde,2.0,0.41935373906310447,2024-09-21,29.5,935.0,26550.0,prextoline - lubricantes,14,368
a-71260-s,80.0,50,9.959308741424554,0.20352203645026892,8.032686010350254,Verde,6.0,0.7780927520921079,2024-08-29,36.47,100.0,1823.5,sakura filter,1,24
w-1135/3,333.0,250,59.41541113257755,0.03887119458913566,5.604606509529236,Verde,4.0,0.3081512994213679,2024-02-03,10.28,240.0,2570.0,mann - brasil,4,90
eo-2624,444.0,550,93.36222122527032,0.12862421527638698,4.755670914562845,Verde,6.0,0.8406190866072859,2022-08-10,1.26,1200.0,693.0,sakura filter,1,468
w-11102/36,421.0,1950,492.8655434640107,0.2640544171964019,0.8541883391585511,Rojo,4.0,0.25934310368640906,2024-09-24,9.156063833236695,960.0,17854.324474811554,mann - brasil,4,1972
cf-400/1,408.0,350,87.28018361513895,0.10788783185052198,4.674600614946821,Verde,4.0,0.31203865027733346,2024-02-03,9.29,210.0,3251.4999999999995,mann - brasil,4,133
hu-931/5x,0.0,350,90.81317889324022,0.21150107939613572,0.0,Rojo,4.0,1.2614110115686628,2024-09-12,3.06,240.0,1071.0,mann - brasil,4,364
3461-1011askr,70.0,200,30.356946202944567,0.2590361046412224,2.3058972905914406,Verde,6.0,0.8541956991842987,2024-08-29,16.45,100.0,3290.0,sakura - radiadores,13,183
3461-1011askr,70.0,200,30.356946202944567,0.23921913488724905,2.3058972905914406,Verde,6.0,0.8541956991842987,2024-08-29,16.45,100.0,3290.0,sakura - radiadores,13,169
3461-1011askr,1.0,200,30.356946202944567,0.2590361046412224,0.03294138986559201,Rojo,6.0,0.8541956991842987,2024-08-29,16.45,100.0,3290.0,sakura - radiadores,13,183
3461-1011askr,1.0,200,30.356946202944567,0.23921913488724905,0.03294138986559201,Rojo,6.0,0.8541956991842987,2024-08-29,16.45,100.0,3290.0,sakura - radiadores,13,169
24526127l,9.0,50,5.785038173311103,0.7,1.5557373573645397,Verde,6.0,0.7963108830437785,2024-09-19,10.1,108.0,505.0,ito koyama - amortiguadores,7,35
wk-1030,285.0,250,57.26589143093865,0.02953154723420328,4.9767844851189205,Verde,4.0,0.3142938864067685,2024-02-03,9.84,174.0,2460.0,mann - brasil,4,59
r20500025,0.0,300,146.5064195413315,0.15461001480482847,0.0,Rojo,2.0,0.5627485772630949,2024-06-12,3.17,360.0,951.0,valvoline,9,294
884530,0.0,1600,526.1867681605416,0.09437081043043745,0.0,Rojo,3.0,0.3733463167246957,,,,,valvoline - usa,12,1579
fc-10290,873.0,400,66.39811671073291,0.0,13.147963274369259,Verde,6.0,0.9100118043633492,2024-10-16,3.91,450.0,1564.0,sakura filter,1,0
wk-940/24,334.0,250,62.09767107450097,0.007187629877269017,5.37862361374692,Verde,4.0,0.3159542653979914,2024-02-03,9.1,204.0,2275.0,mann - brasil,4,15
17638,0.0,22450,5613.986487272383,0.17299712242749088,0.0,Rojo,4.0,0.38479896263289515,,,,,narva,2,22456
di1540ci100,116.0,150,77.1463837814903,0.09213969442545843,1.503634963999853,Verde,2.0,0.6451795147894596,2024-03-30,10.78,204.0,1617.0,valvoline,9,79
t018,0.0,100,17.816378711743102,0.9204329028176944,0.0,Rojo,6.0,0.6648928812330438,2024-01-22,4.3,200.0,430.0,ito koyama - resortes,17,107
hy039,28.0,100,13.426234316188749,0.16047636160156759,2.0854693386543137,Verde,6.0,1.1122278411726991,2024-01-22,11.87,100.0,1187.0,ito koyama - resortes,17,81
as-6905-s,0.0,150,23.34548550632195,0.4019197812512495,0.0,Rojo,6.0,1.026641222418224,2024-10-16,8.14,108.0,1221.0,sakura filter,1,141
hy036,120.0,150,21.942902822040967,0.1350501955428728,5.468738615542867,Verde,6.0,1.0304164720929676,2024-01-22,10.5,248.0,1575.0,ito koyama - resortes,17,86
c-2906,3028.0,3800,631.664149467346,0.20823044252996162,4.793686649073525,Verde,6.0,0.9229870025433363,2024-10-22,1.8,1500.0,6840.0,sakura filter,1,3790
fc-1814,573.0,400,67.87663871897233,0.1483632904959538,8.441785138659785,Verde,6.0,1.0979705892539506,2024-08-29,3.25,150.0,1300.0,sakura filter,1,285
eo-2626,501.0,700,114.70101213240694,0.12557866035193505,4.367877760500166,Verde,6.0,1.255159483311603,2024-09-17,2.08,300.0,1456.0,sakura filter,1,630
hy032,588.0,900,152.08934301145865,0.09930354416980278,3.866148596326694,Verde,6.0,0.8690385354019029,2024-09-20,5.8,816.0,5220.0,ito koyama - resortes,17,713
a-1050,168.0,250,39.382776514800845,0.1340432992769358,4.265824171560433,Verde,6.0,0.8306629357660679,2024-10-22,9.26,120.0,2315.0,sakura filter,1,237
332152,83.0,350,60.418850753904216,0.23034640740131046,1.3737434420603674,Amarillo,6.0,0.8757353530214208,,,,,ito koyama - amortiguadores,7,363
t013,292.0,2000,335.3334267422787,0.07099059602118664,0.8707751053533274,Rojo,6.0,0.7749665768848011,2024-09-20,3.95,504.0,7900.0,ito koyama - resortes,17,2013
n014,0.0,250,40.57049717272295,0.30707215835768237,0.0,Rojo,6.0,0.9659113554107435,2024-01-22,3.68,552.0,920.0,ito koyama - resortes,17,244
hy-011,82.0,100,15.504678726163467,0.7719011606381038,5.288726161196013,Verde,6.0,0.7102212177559694,2024-10-24,6.1,100.0,610.0,ito koyama - palieres,5,94
cf-600/1,60.0,550,131.95682869774484,0.13549978531416992,0.4546941646910419,Rojo,4.0,0.38968458413926027,2024-09-12,8.88,240.0,4884.0,mann - brasil,4,528
sdki-299,33.0,150,35.001249934902624,0.32230777357351104,0.9428234723438544,Rojo,4.0,0.3531827513057103,2024-07-18,14.15,300.0,2122.5,seco - embragues,16,141
mi-014,0.0,100,12.87979170412612,0.9083834872164835,0.0,Rojo,6.0,0.6440421911833644,2024-06-21,8.82,50.0,882.0,ito koyama - palieres,5,78
sfc-7912-30,365.0,2600,436.8447551876593,0.20865483076931515,0.8355371002295854,Rojo,6.0,0.6942542276509188,2024-09-30,5.81,444.0,15105.999999999998,sakura filter,1,2622
ef-65030-s,75.0,200,29.308138537882883,0.21943262978043426,2.5590161552927384,Verde,6.0,1.3779520222410382,2024-09-17,5.31,100.0,1062.0,sakura filter,1,176
a-1324-s,750.0,1050,176.297623688887,0.12130008195358018,4.2541696496347985,Verde,6.0,0.8395765364289144,2024-08-29,9.21,150.0,9670.5,sakura filter,1,1058
fc-1104,692.0,550,95.22814203013353,0.4923047610915687,7.2667594394630415,Verde,6.0,1.1064032406050819,2024-10-22,1.8,175.0,990.0,sakura filter,1,572
mwmwd976,1317.0,1000,327.7601307665408,0.00368509046466505,4.018182433964434,Verde,3.0,1.4438443550345137,2024-07-20,6.6,2700.0,6600.0,wagner - pastillas,27,23
a-58370,257.0,5100,848.9113511070319,0.12226141436714635,0.3027406803606247,Rojo,6.0,0.9883636692760421,2024-10-16,1.24,140.0,6324.0,sakura filter,1,5094
ef-1509,3721.0,14550,2425.1662695566565,0.10633445585089868,1.534327788865476,Verde,6.0,1.3966599855165807,2024-10-31,2.25,300.0,32737.5,sakura filter,1,14551
48904,0.0,650,160.313612995582,0.16703017611376705,0.0,Rojo,4.0,0.4709020586435772,,,,,narva,2,642
a-28650,433.0,750,124.64445700278964,0.14248335420849045,3.4738809122519516,Verde,6.0,0.9621872943243781,2024-10-16,9.44,148.0,7080.0,sakura filter,1,748
ctx-064,139.0,250,42.5280281950265,0.9715411803900317,3.268432746577598,Verde,6.0,0.543711383007546,2024-04-16,29.78,600.0,7445.0,aisin - japon,3,256
c-1513,1551.0,1550,256.68520914873847,0.09608545738873656,6.042420617626081,Verde,6.0,0.5450791837768592,2024-03-14,7.11,876.0,11020.5,sakura filter,1,1103
ef-10080,1201.0,1300,212.88087398900984,0.12695084656344618,5.64165289955547,Verde,6.0,1.1181860112746926,2024-09-17,3.45,600.0,4485.0,sakura filter,1,1235
m25600025,108.0,100,44.56977514940767,0.030571636513131332,2.4231668128896837,Verde,2.0,0.5994140359445175,2024-03-30,3.06,120.0,306.0,valvoline,9,21
ni-020,58.0,750,123.76710626526913,0.23425819425887776,0.46862208990884074,Rojo,6.0,0.6712983372545885,2024-10-24,6.7,100.0,5025.0,ito koyama - palieres,5,743
332153,79.0,350,58.472935834479415,0.23107151614741475,1.3510523949682804,Amarillo,6.0,0.874060583822204,,,,,ito koyama - amortiguadores,7,351
t014,642.0,950,154.7634138734276,0.15512373034841623,4.148267241798221,Verde,6.0,0.7792328416930342,2024-09-20,4.75,1008.0,4512.5,ito koyama - resortes,17,921
a-7124,208.0,50,9.212125965754137,0.0,22.578935717253014,Verde,6.0,0.998993138926418,2024-09-30,23.44,37.0,1172.0,sakura filter,1,0
cf-1652,21.0,50,10.38193731461717,0.2671166771621314,2.022743864040983,Verde,4.0,0.34621952894388314,2023-04-12,28.18,120.0,1409.0,mann - brasil,4,41
884646,0.0,300,97.29553177569547,0.527383276616838,0.0,Rojo,3.0,0.7592412109000359,,,,,valvoline - usa,12,292
a-5801,193.0,100,20.3895606290697,0.04453421314787388,9.465628196266135,Verde,6.0,1.4993757775655259,2024-08-29,11.29,115.0,1129.0,sakura filter,1,38
a-6832-s,264.0,200,33.60539711878608,0.02371602255910287,7.855880978487791,Verde,6.0,0.5579473967852147,2024-10-16,37.68,2.0,7536.0,sakura filter,1,44
a-5507-s,78.0,100,20.18305525849397,0.31545763326662707,3.8646279763403992,Verde,6.0,1.1125984582508301,2024-10-31,17.62,32.0,1762.0,sakura filter,1,122
dt-072,63.0,50,10.73101563265123,0.23694621814808028,5.870832934797903,Verde,6.0,0.4278189561302867,2022-11-08,28.91,200.0,1445.5,aisin - japon,3,65
novar#1,5.0,0,12.00013065338135,inf,0.41666213014031805,Rojo,1.0,0.41557375131998037,2024-06-25,48.29,40.0,0.0,novaquimica - peru,24,5
a-33410,417.0,350,58.25990921613293,0.08062131858396761,7.157580669290285,Verde,6.0,0.9156718640124963,2022-12-06,3.17,400.0,1109.5,sakura filter,1,146
48520-12c20,90.0,750,122.95995253072162,0.08827606849565574,0.7319456306516826,Rojo,6.0,0.7834626557788054,2024-09-19,10.3,246.0,7725.000000000001,ito koyama - amortiguadores,7,686
543020322r,0.0,50,9.032521985039567,1.2524140292372123,0.0,Rojo,6.0,0.6342456980411263,2024-02-29,10.2,120.0,509.99999999999994,ito koyama - amortiguadores,7,55
48510-12d20,70.0,700,118.38487361229181,0.08906990796950097,0.5912917576720879,Rojo,6.0,0.7873252368563857,2024-09-19,10.3,240.0,7210.000000000001,ito koyama - amortiguadores,7,711
af2033,5.0,4350,1443.3740312419513,0.1799761318778425,0.0034641055552993077,Rojo,3.0,0.21940421177526662,2024-06-19,4.97,3240.0,21619.5,prestone - usa,11,4331
ef-2634,43.0,550,91.60639129513744,0.15944729498271112,0.46939956254212234,Rojo,6.0,1.1071372956456935,2024-09-17,4.89,100.0,2689.5,sakura filter,1,550
48700,0.0,14900,3721.3047156034177,0.20438783003908778,0.0,Rojo,4.0,0.3387068171367698,,,,,narva,2,14886
48541-09210ref,0.0,50,6.6061811402857655,0.8992697797184986,0.0,Rojo,6.0,0.6034786540141927,2022-09-23,8.6,1.0,430.0,ito koyama - amortiguadores,7,40
c-1011,11400.0,31000,5169.099838093053,0.17113754267552259,2.205413003631519,Verde,6.0,0.8203453997226409,2024-10-31,0.88,50.0,27280.0,sakura filter,1,31015
c-1328,137.0,800,131.6087112932175,0.11022195891957957,1.0409645277566086,Naranja,6.0,0.9638952081624893,2024-03-18,3.91,60.0,3128.0,sakura filter,1,790
icd1950,58.0,800,134.86295859186347,0.16984390772031374,0.43006619909270805,Rojo,6.0,1.3697013727177056,2024-07-26,3.36,510.0,2688.0,ishikawa - pastillas de freno,22,774
n005,228.0,1850,307.1566020896643,0.10879534893318471,0.7422923630775251,Rojo,6.0,0.8572195706003716,2024-09-20,4.1,720.0,7584.999999999999,ito koyama - resortes,17,1843
t003,390.0,650,111.17558988633537,0.22342956223928953,3.507964296827491,Verde,6.0,1.1397692023348642,2024-09-20,4.7,640.0,3055.0,ito koyama - resortes,17,668
a-1126,173.0,600,99.02329210652654,0.13997418082362245,1.7470637091512908,Verde,6.0,1.3425260673207569,2024-10-31,3.57,54.0,2142.0,sakura filter,1,595
48750,0.0,400,101.94706266690268,0.46693054499611575,0.0,Rojo,4.0,0.4043796269577075,,,,,narva,2,408
c-6214,253.0,600,103.49119829602041,0.19533856815032674,2.444652339190556,Verde,6.0,1.161279373117158,2024-03-14,1.88,200.0,1128.0,sakura filter,1,621
a-28690,359.0,700,115.63574843670808,0.1959677277001637,3.1045762651546687,Verde,6.0,1.3570128998064503,2024-10-31,1.0,140.0,700.0,sakura filter,1,694
k003,1136.0,1000,166.12749992800642,0.19145482998356,6.838121325441609,Verde,6.0,0.8977835939982899,2024-09-20,4.4,1400.0,4400.0,ito koyama - resortes,17,584
a-7980,167.0,200,37.112782235102635,0.1576899366097779,4.499797372831974,Verde,6.0,1.0618014744505913,2024-08-29,4.32,36.0,864.0,sakura filter,1,177
c-2505,741.0,1700,282.62472456638017,0.255639961549464,2.621851294634207,Verde,6.0,1.2709249937894962,2024-09-17,1.15,1200.0,1954.9999999999998,sakura filter,1,1696
paw68r500,131.0,150,83.2740994321075,0.09757159280431933,1.5731181831249093,Verde,2.0,0.5387725415890683,2024-09-21,20.55,100.0,3082.5,prextoline - lubricantes,14,111
wk-1060,261.0,800,194.48439448063075,0.2761025051624242,1.3420099884980423,Amarillo,4.0,0.29356904871580314,2024-09-12,11.92,504.0,9536.0,mann - brasil,4,778
fc-1807,2088.0,5550,927.869797225227,0.15985457300974118,2.250315729905333,Verde,6.0,0.8726156592366492,2024-09-26,2.0,200.0,11100.0,sakura filter,1,5568
96187438,1.0,150,22.81508512785085,0.31285343491401413,0.04383064951965834,Rojo,6.0,0.9008269721431897,,,,,ito koyama - amortiguadores,7,137
w-9023/1,0.0,200,48.606024447364426,0.12365290501483728,0.0,Rojo,4.0,0.4448725360517305,2024-09-24,11.800655086040496,100.0,2360.1310172080994,mann - brasil,4,174
a-2935,120.0,400,67.33505489181046,0.12209942773998204,1.7821326527884787,Verde,6.0,0.9444697776876053,2024-09-30,3.6,144.0,1440.0,sakura filter,1,405
48350,0.0,1100,279.85250724161375,0.18683480704469616,0.0,Rojo,4.0,0.38410792033380897,,,,,narva,2,1120
sk-823a,69.0,300,49.82915419161018,0.2366029259156723,1.3847315114896661,Amarillo,6.0,0.6071279980086148,2024-10-24,6.4,100.0,1920.0,ito koyama - palieres,5,299
4853109450,41.0,100,17.392979252428518,0.5033047227011279,2.3572729780767903,Verde,6.0,1.0099622261354488,,,,,ito koyama - amortiguadores,7,105
c-5106,496.0,750,122.90537159403583,0.13222739539135903,4.035625079417352,Verde,6.0,0.9995669992792477,2024-10-16,3.64,575.0,2730.0,sakura filter,1,738
a-14490,448.0,500,82.26340264773185,0.487089850910005,5.445921097118053,Verde,6.0,1.1747513014801627,2024-09-17,1.38,300.0,690.0,sakura filter,1,494
a-5558-s,213.0,250,39.67253033428397,0.15811234434755797,5.3689542412658,Verde,6.0,1.1224553892801878,2024-10-31,23.88,135.0,5970.0,sakura filter,1,239
c-1109,7953.0,27150,4523.227062531659,0.14396766455012713,1.7582579627450077,Verde,6.0,0.8023166003161547,2024-10-22,0.88,10000.0,23892.0,sakura filter,1,27140
srto007,37.0,100,20.656408763661833,0.3655240225079955,1.7912116488074803,Verde,6.0,0.6440584179811166,2024-09-13,64.0,60.0,6400.0,ito koyama - cremalleras,25,124
ni-009,90.0,50,10.1262654810344,1.3149143744973597,8.887778043007271,Verde,6.0,0.7012004822339595,2024-10-24,7.8,100.0,390.0,ito koyama - palieres,5,61
w-962,67.0,450,117.65653958220578,0.34149991631508103,0.5694541097155724,Rojo,4.0,0.3353070139372644,2024-09-24,4.7558195638656615,200.0,2140.1188037395477,mann - brasil,4,471
wp-11102/3,114.0,900,226.9940660842684,0.21064580011502743,0.5022157713923635,Rojo,4.0,0.3462399627941104,2024-09-24,7.733762655258179,400.0,6960.386389732361,mann - brasil,4,908
fs-4301,329.0,350,55.3318119729471,0.2275432009248507,5.9459466131500465,Verde,6.0,0.7996392227554666,2024-10-16,3.3,200.0,1155.0,sakura filter,1,332
a-5441-s,888.0,900,149.98863757246428,0.10670504925577755,5.920448471111547,Verde,6.0,0.8165452517362025,2024-10-31,23.72,216.0,21348.0,sakura filter,1,900
17945,0.0,1800,455.7235603182415,0.21273136423402306,0.0,Rojo,4.0,0.35070765539203475,,,,,narva,2,1823
fs-18291,684.0,250,44.86157017387263,0.08838788970255838,15.246902802308991,Verde,6.0,1.1152751984035656,2024-10-16,7.51,320.0,1877.5,sakura filter,1,73
48042,0.0,500,127.25651298313855,0.2184693151735584,0.0,Rojo,4.0,0.4458524195783438,,,,,narva,2,510
wk-1060/1,6433.0,10250,2557.549903018055,0.08552968851169877,2.5152979390191734,Verde,4.0,0.1847260973064492,2024-09-12,12.21,540.0,125152.50000000001,mann - brasil,4,10231
17948,0.0,5400,1354.0545570022919,0.22092263209554164,0.0,Rojo,4.0,0.36450714167874276,,,,,narva,2,5417
ni-012,70.0,500,82.98100528937289,0.153354876898419,0.8435665458124388,Rojo,6.0,0.6207450136889081,2024-10-24,6.8,100.0,3400.0,ito koyama - palieres,5,498
861398,0.0,350,119.21279669931086,0.11696515776192584,0.0,Rojo,3.0,0.699928219564773,,,,,valvoline - usa,12,358
h-12110/2x,0.0,400,95.21014716862378,0.2532600678927973,0.0,Rojo,4.0,0.20734853088200617,2024-04-09,9.158066868782043,672.0,3663.2267475128174,mann - brasil,4,381
c-1511,0.0,400,68.74642816641285,0.2364950080383152,0.0,Rojo,6.0,0.7736165978726431,2024-09-17,2.1,300.0,840.0,sakura filter,1,413
a-6117-s,336.0,150,23.247132675609397,0.0,14.453395379488114,Verde,6.0,0.9659916520940923,2024-10-16,16.11,4.0,2416.5,sakura filter,1,0
t1085,100.0,100,16.354514864278197,0.0,6.114519496901841,Verde,6.0,0.605299916074878,2024-08-15,23.8,108.0,2380.0,ito koyama - trapecios,19,0
c-1007,200.0,350,61.5110206062206,0.24667619462245388,3.2514498707533077,Verde,6.0,0.7770387321228407,2024-10-22,7.7,198.0,2695.0,sakura filter,1,370
rov2050100,222.0,1150,288.2803688653253,0.12507730749272764,0.7700836545818034,Rojo,4.0,0.6337264638120588,2023-12-27,8.0,1296.0,9200.0,rover - usa,18,991
sfc-5301-10b,253.0,50,12.342040285612411,0.15466895505798503,20.499041823330604,Verde,6.0,0.8405804581887221,2024-10-31,13.65,96.0,682.5,sakura filter,1,13
t010,40.0,800,136.86161366564315,0.11517649971038658,0.29226602645297717,Rojo,6.0,0.8476358446127698,2024-09-20,3.7,192.0,2960.0,ito koyama - resortes,17,822
c-1318,460.0,950,156.76138466055212,0.20069028734540006,2.9343961269293106,Verde,6.0,1.4250952375822787,2024-10-22,2.75,204.0,2612.5,sakura filter,1,941
rovatfd025,846.0,650,157.49176845251583,0.09584351276237885,5.371709317335345,Verde,4.0,0.5965134071112317,2023-12-27,2.17,1008.0,1410.5,rover - usa,18,247
c-1534,2899.0,2300,383.7432965735812,0.04990323330564976,7.5545293582584545,Verde,6.0,0.7066516056805026,2024-02-28,4.21,3000.0,9683.0,sakura filter,1,1131
a-6118-s,544.0,400,63.85483049008926,0.027367369626077387,8.519324158012333,Verde,6.0,0.9988823704789431,2024-10-16,14.95,200.0,5980.0,sakura filter,1,52
ato-001,246.0,50,6.949535938505949,0.0,35.39804703173986,Verde,6.0,0.7145944870669446,2024-06-21,31.3,100.0,1565.0,ito koyama - palieres,5,0
a-8577-s,119.0,1900,314.37298594286716,0.11240778835522794,0.37853125211473027,Rojo,6.0,0.9793346824568047,2024-10-22,14.82,35.0,28158.0,sakura filter,1,1887
ca-10150,331.0,650,105.72154588319063,0.2007185882731813,3.1308660617365027,Verde,6.0,1.337020643850811,2024-08-29,1.92,300.0,1248.0,sakura filter,1,635
ef-5102,1197.0,2450,410.58259235898385,0.13018310541177308,2.915369580387445,Verde,6.0,1.0978181727106495,2024-10-16,5.93,600.0,14528.5,sakura filter,1,2225
a-1880,816.0,900,148.2483470876273,0.10231078756944975,5.504277221503691,Verde,6.0,1.275473042540489,2024-10-31,1.75,200.0,1575.0,sakura filter,1,890
wk-950/14,231.0,300,75.8287975229745,0.08368872400855461,3.046336056298558,Verde,4.0,0.3083876007433402,2024-09-12,10.34,102.0,3102.0,mann - brasil,4,230
rxfc113644bep,9.0,350,167.9199773751438,0.5780828934637066,0.05359695815044945,Rojo,2.0,0.26711159871100765,2024-10-09,4.86,1728.0,1701.0,wagner locked - usa,10,336
17635,0.0,59000,14743.771815176398,0.1463596763270573,0.0,Rojo,4.0,0.42368496412295814,,,,,narva,2,58976
a-6207-s,373.0,250,40.59428338001828,0.09304051483931314,9.18848588872003,Verde,6.0,0.9840589780671546,2024-10-31,12.5,18.0,3125.0,sakura filter,1,135
c-1533,2492.0,1950,323.209295949926,0.07919522430235923,7.710174277865075,Verde,6.0,0.6761771704783894,2024-08-29,5.5,300.0,10725.0,sakura filter,1,1273
w-920/7,68.0,300,71.6449184182955,0.15026879733373943,0.9491252345767942,Rojo,4.0,0.3173839154278537,2024-09-24,4.300238717794419,200.0,1290.0716153383257,mann - brasil,4,287
t1084,104.0,0,2.301943714824008,,45.179210651530276,Verde,6.0,0.6760989894959566,2024-03-19,21.74,100.0,0.0,ito koyama - trapecios,19,0
dt5.00r12lt,580.0,250,37.632019463335865,0.9039999999999998,15.412406994662685,Verde,6.0,0.5169126309038586,2024-10-28,20.5,250.0,5125.0,deestone,8,226
48005,0.0,4300,1080.7422055241836,0.3653442214327581,0.0,Rojo,4.0,0.3458090269079962,,,,,narva,2,4323
a-13570,1259.0,1150,190.90890294162332,0.1091419834362949,6.594768397914793,Verde,6.0,1.0872912231113272,2024-10-31,6.5,452.0,7475.0,sakura filter,1,1146
a-8506-s,376.0,2350,387.894031445248,0.0911078534764504,0.9693369052343181,Rojo,6.0,1.2550857970190603,2024-10-16,6.4,444.0,15040.0,sakura filter,1,2328
dtx-099l,307.0,400,68.15858388099666,0.17055687654119497,4.504201562286197,Verde,6.0,0.5254015239701315,2024-10-07,27.49,200.0,10996.0,aisin - japon,3,409
fc-5723,361.0,900,151.4671135108017,0.22154055882131163,2.3833556448823177,Verde,6.0,0.780316886952143,2024-10-22,1.55,400.0,1395.0,sakura filter,1,909
a-2405-s,166.0,100,15.427341049073855,0.00888640767886468,10.760117344392631,Verde,6.0,0.8243243768124149,2024-10-16,27.96,4.0,2796.0,sakura filter,1,4
hy-803,0.0,100,20.615048723309584,0.5069635258300799,0.0,Rojo,6.0,0.6288718007076967,2024-06-21,8.12,100.0,811.9999999999999,ito koyama - palieres,5,124
ctx-062,975.0,150,26.7820023264192,0.0,36.40504500435383,Verde,6.0,0.4142653089864087,2024-04-16,20.79,1000.0,3118.5,aisin - japon,3,0
dtx-116,0.0,1050,179.13088456957348,0.16078002185228793,0.0,Rojo,6.0,0.4319221997584506,2024-05-20,46.18,1000.0,48489.0,aisin - japon,3,1075
t1081,141.0,100,19.844446595028817,0.03057968273275886,7.10526238788244,Verde,6.0,0.7990439874459859,2024-06-11,9.57,50.0,957.0,ito koyama - trapecios,19,13
bf5000m3,12.0,1500,497.3419271989157,0.6070285363883973,0.02412826939322272,Rojo,3.0,0.37137593639552435,2024-06-14,1.52,3888.0,2280.0,prestone - mexico,20,1493
fc-55240,433.0,800,130.61162074809013,0.11035141736774756,3.315172092038614,Verde,6.0,1.1187684216379286,2024-10-31,9.1,120.0,7280.0,sakura filter,1,725
ef-1802,3225.0,5250,878.9622527875132,0.08061356383661954,3.6690995429807556,Verde,6.0,1.4561506367736552,2024-09-30,2.6,1000.0,13650.0,sakura filter,1,5274
fc-28011,1428.0,1400,236.39204132874866,0.17102295823016675,6.040812507786973,Verde,6.0,0.7317545407378152,2024-10-31,3.05,348.0,4270.0,sakura filter,1,1275
sf-1307,1243.0,4900,816.6139803642495,0.04845526253483931,1.5221390153589602,Verde,6.0,1.0563517014377564,2024-10-31,2.5,775.0,12250.0,sakura filter,1,4900
48510-09k60ref,0.0,550,88.18409365553055,0.20197602700140044,0.0,Rojo,6.0,0.8257427380908983,2024-08-22,10.14,104.0,5577.0,ito koyama - amortiguadores,7,530
g20w50100,342.0,200,97.46222245234505,0.0,3.509051932067563,Verde,2.0,0.4161811611800192,2024-06-12,11.13,210.0,2226.0,valvoline,9,0
n010,0.0,50,10.886894117912602,1.30004897351344,0.0,Rojo,6.0,0.8791783988220768,2023-08-31,4.52,184.0,225.99999999999997,ito koyama - resortes,17,66
fc-1301,1427.0,2750,456.63269961690867,0.15302818146165528,3.1250499607171793,Verde,6.0,0.8510800009827264,2024-10-22,1.5,750.0,4125.0,sakura filter,1,2740
7246302l,107.0,50,4.97813468293314,0.0,21.49399460139859,Verde,6.0,0.7896330438187262,2024-09-19,10.9,144.0,545.0,ito koyama - amortiguadores,7,0
f-11112,700.0,1750,295.1908301170192,0.05766222019339057,2.37134737458649,Verde,6.0,1.337316945897512,2024-09-17,1.6,600.0,2800.0,sakura filter,1,992
f-1306,204.0,600,96.29908234695068,0.17800737279366038,2.11840024876893,Verde,6.0,1.1260967939401632,2024-09-17,1.63,300.0,977.9999999999999,sakura filter,1,543
